Time,Q1,Q2,T1,T2
0.000000000000000000e+00,0.000000000000000000e+00,0.000000000000000000e+00,0.000000000000000000e+00,1.992999999999999972e+01,1.925000000000000000e+01
1.000000000000000000e+00,1.000000000000000000e+00,0.000000000000000000e+00,0.000000000000000000e+00,1.992999999999999972e+01,1.928999999999999915e+01
2.000000000000000000e+00,2.000000000000000000e+00,0.000000000000000000e+00,0.000000000000000000e+00,1.996000000000000085e+01,1.928999999999999915e+01
3.000000000000000000e+00,3.000000000000000000e+00,0.000000000000000000e+00,0.000000000000000000e+00,1.992999999999999972e+01,1.928999999999999915e+01
4.000000000000000000e+00,4.000000000000000000e+00,0.000000000000000000e+00,0.000000000000000000e+00,1.992999999999999972e+01,1.928999999999999915e+01
5.000000000000000000e+00,5.000000000000000000e+00,0.000000000000000000e+00,0.000000000000000000e+00,1.992999999999999972e+01,1.928999999999999915e+01
6.000000000000000000e+00,6.000000000000000000e+00,0.000000000000000000e+00,0.000000000000000000e+00,1.992999999999999972e+01,1.925000000000000000e+01
7.000000000000000000e+00,7.000000000000000000e+00,0.000000000000000000e+00,0.000000000000000000e+00,1.992999999999999972e+01,1.928999999999999915e+01
8.000000000000000000e+00,8.000000000000000000e+00,0.000000000000000000e+00,0.000000000000000000e+00,1.992999999999999972e+01,1.928999999999999915e+01
9.000000000000000000e+00,9.000000000000000000e+00,0.000000000000000000e+00,0.000000000000000000e+00,1.992999999999999972e+01,1.925000000000000000e+01
1.000000000000000000e+01,1.000000000000000000e+01,8.000000000000000000e+01,0.000000000000000000e+00,1.996000000000000085e+01,1.925000000000000000e+01
1.100000000000000000e+01,1.100000000000000000e+01,8.000000000000000000e+01,0.000000000000000000e+00,2.005999999999999872e+01,1.928999999999999915e+01
1.200000000000000000e+01,1.200000000000000000e+01,8.000000000000000000e+01,0.000000000000000000e+00,2.005999999999999872e+01,1.921999999999999886e+01
1.300000000000000000e+01,1.300000000000000000e+01,8.000000000000000000e+01,0.000000000000000000e+00,2.012000000000000099e+01,1.905999999999999872e+01
1.400000000000000000e+01,1.400000000000000000e+01,8.000000000000000000e+01,0.000000000000000000e+00,2.021999999999999886e+01,1.928999999999999915e+01
1.500000000000000000e+01,1.500000000000000000e+01,8.000000000000000000e+01,0.000000000000000000e+00,2.025000000000000000e+01,1.928999999999999915e+01
1.600000000000000000e+01,1.600000000000000000e+01,8.000000000000000000e+01,0.000000000000000000e+00,2.035000000000000142e+01,1.925000000000000000e+01
1.700000000000000000e+01,1.700000000000000000e+01,8.000000000000000000e+01,0.000000000000000000e+00,2.057999999999999829e+01,1.921999999999999886e+01
1.800000000000000000e+01,1.800000000000000000e+01,8.000000000000000000e+01,0.000000000000000000e+00,2.060999999999999943e+01,1.925000000000000000e+01
1.900000000000000000e+01,1.900000000000000000e+01,8.000000000000000000e+01,0.000000000000000000e+00,2.089999999999999858e+01,1.928999999999999915e+01
2.000000000000000000e+01,2.000000000000000000e+01,8.000000000000000000e+01,0.000000000000000000e+00,2.096000000000000085e+01,1.919000000000000128e+01
2.100000000000000000e+01,2.100000000000000000e+01,8.000000000000000000e+01,0.000000000000000000e+00,2.125000000000000000e+01,1.928999999999999915e+01
2.200000000000000000e+01,2.200000000000000000e+01,8.000000000000000000e+01,0.000000000000000000e+00,2.153999999999999915e+01,1.928999999999999915e+01
2.300000000000000000e+01,2.300000000000000000e+01,8.000000000000000000e+01,0.000000000000000000e+00,2.182999999999999829e+01,1.925000000000000000e+01
2.400000000000000000e+01,2.400000000000000000e+01,8.000000000000000000e+01,0.000000000000000000e+00,2.203000000000000114e+01,1.908999999999999986e+01
2.500000000000000000e+01,2.500000000000000000e+01,8.000000000000000000e+01,0.000000000000000000e+00,2.219000000000000128e+01,1.919000000000000128e+01
2.600000000000000000e+01,2.600000000000000000e+01,8.000000000000000000e+01,0.000000000000000000e+00,2.244999999999999929e+01,1.925000000000000000e+01
2.700000000000000000e+01,2.700000000000000000e+01,8.000000000000000000e+01,0.000000000000000000e+00,2.282999999999999829e+01,1.921999999999999886e+01
2.800000000000000000e+01,2.800000000000000000e+01,8.000000000000000000e+01,0.000000000000000000e+00,2.314999999999999858e+01,1.921999999999999886e+01
2.900000000000000000e+01,2.900000000000000000e+01,8.000000000000000000e+01,0.000000000000000000e+00,2.348000000000000043e+01,1.928999999999999915e+01
3.000000000000000000e+01,3.000000000000000000e+01,8.000000000000000000e+01,0.000000000000000000e+00,2.373000000000000043e+01,1.928999999999999915e+01
3.100000000000000000e+01,3.100000000000000000e+01,8.000000000000000000e+01,0.000000000000000000e+00,2.401999999999999957e+01,1.925000000000000000e+01
3.200000000000000000e+01,3.200000000000000000e+01,8.000000000000000000e+01,0.000000000000000000e+00,2.441000000000000014e+01,1.928999999999999915e+01
3.300000000000000000e+01,3.300000000000000000e+01,8.000000000000000000e+01,0.000000000000000000e+00,2.464000000000000057e+01,1.928999999999999915e+01
3.400000000000000000e+01,3.400000000000000000e+01,8.000000000000000000e+01,0.000000000000000000e+00,2.508999999999999986e+01,1.925000000000000000e+01
3.500000000000000000e+01,3.500000000000000000e+01,8.000000000000000000e+01,0.000000000000000000e+00,2.541000000000000014e+01,1.928999999999999915e+01
3.600000000000000000e+01,3.600000000000000000e+01,8.000000000000000000e+01,0.000000000000000000e+00,2.573000000000000043e+01,1.921999999999999886e+01
3.700000000000000000e+01,3.700000000000000000e+01,8.000000000000000000e+01,0.000000000000000000e+00,2.605000000000000071e+01,1.925000000000000000e+01
3.800000000000000000e+01,3.800000000000000000e+01,8.000000000000000000e+01,0.000000000000000000e+00,2.637999999999999901e+01,1.925000000000000000e+01
3.900000000000000000e+01,3.900000000000000000e+01,8.000000000000000000e+01,0.000000000000000000e+00,2.669999999999999929e+01,1.928999999999999915e+01
4.000000000000000000e+01,4.000000000000000000e+01,8.000000000000000000e+01,0.000000000000000000e+00,2.701999999999999957e+01,1.928999999999999915e+01
4.100000000000000000e+01,4.100000000000000000e+01,8.000000000000000000e+01,0.000000000000000000e+00,2.730999999999999872e+01,1.928999999999999915e+01
4.200000000000000000e+01,4.200000000000000000e+01,8.000000000000000000e+01,0.000000000000000000e+00,2.767000000000000171e+01,1.928999999999999915e+01
4.300000000000000000e+01,4.300000000000000000e+01,8.000000000000000000e+01,0.000000000000000000e+00,2.798999999999999844e+01,1.928999999999999915e+01
4.400000000000000000e+01,4.400000000000000000e+01,8.000000000000000000e+01,0.000000000000000000e+00,2.830999999999999872e+01,1.928999999999999915e+01
4.500000000000000000e+01,4.500000000000000000e+01,8.000000000000000000e+01,0.000000000000000000e+00,2.862999999999999901e+01,1.928999999999999915e+01
4.600000000000000000e+01,4.600000000000000000e+01,8.000000000000000000e+01,0.000000000000000000e+00,2.898999999999999844e+01,1.928999999999999915e+01
4.700000000000000000e+01,4.700000000000000000e+01,8.000000000000000000e+01,0.000000000000000000e+00,2.928000000000000114e+01,1.928999999999999915e+01
4.800000000000000000e+01,4.800000000000000000e+01,8.000000000000000000e+01,0.000000000000000000e+00,2.962999999999999901e+01,1.928999999999999915e+01
4.900000000000000000e+01,4.900000000000000000e+01,8.000000000000000000e+01,0.000000000000000000e+00,2.994999999999999929e+01,1.928999999999999915e+01
5.000000000000000000e+01,5.000000000000000000e+01,8.000000000000000000e+01,0.000000000000000000e+00,3.028000000000000114e+01,1.937999999999999901e+01
5.100000000000000000e+01,5.100000000000000000e+01,8.000000000000000000e+01,0.000000000000000000e+00,3.073000000000000043e+01,1.937999999999999901e+01
5.200000000000000000e+01,5.200000000000000000e+01,8.000000000000000000e+01,0.000000000000000000e+00,3.107999999999999829e+01,1.953999999999999915e+01
5.300000000000000000e+01,5.300000000000000000e+01,8.000000000000000000e+01,0.000000000000000000e+00,3.153000000000000114e+01,1.951000000000000156e+01
5.400000000000000000e+01,5.400000000000000000e+01,8.000000000000000000e+01,0.000000000000000000e+00,3.185999999999999943e+01,1.953999999999999915e+01
5.500000000000000000e+01,5.500000000000000000e+01,8.000000000000000000e+01,0.000000000000000000e+00,3.217999999999999972e+01,1.960999999999999943e+01
5.600000000000000000e+01,5.600000000000000000e+01,8.000000000000000000e+01,0.000000000000000000e+00,3.250000000000000000e+01,1.960999999999999943e+01
5.700000000000000000e+01,5.700000000000000000e+01,8.000000000000000000e+01,0.000000000000000000e+00,3.282000000000000028e+01,1.932000000000000028e+01
5.800000000000000000e+01,5.800000000000000000e+01,8.000000000000000000e+01,0.000000000000000000e+00,3.314000000000000057e+01,1.960999999999999943e+01
5.900000000000000000e+01,5.900000000000000000e+01,8.000000000000000000e+01,0.000000000000000000e+00,3.346999999999999886e+01,1.964000000000000057e+01
6.000000000000000000e+01,6.000000000000000000e+01,8.000000000000000000e+01,0.000000000000000000e+00,3.378999999999999915e+01,1.960999999999999943e+01
6.100000000000000000e+01,6.100000000000000000e+01,8.000000000000000000e+01,0.000000000000000000e+00,3.410999999999999943e+01,1.960999999999999943e+01
6.200000000000000000e+01,6.200000000000000000e+01,8.000000000000000000e+01,0.000000000000000000e+00,3.446999999999999886e+01,1.967000000000000171e+01
6.300000000000000000e+01,6.300000000000000000e+01,8.000000000000000000e+01,0.000000000000000000e+00,3.478999999999999915e+01,1.971000000000000085e+01
6.400000000000000000e+01,6.400000000000000000e+01,8.000000000000000000e+01,0.000000000000000000e+00,3.534000000000000341e+01,1.987000000000000099e+01
6.500000000000000000e+01,6.500000000000000000e+01,8.000000000000000000e+01,0.000000000000000000e+00,3.571999999999999886e+01,1.992999999999999972e+01
6.600000000000000000e+01,6.600000000000000000e+01,8.000000000000000000e+01,0.000000000000000000e+00,3.600999999999999801e+01,1.992999999999999972e+01
6.700000000000000000e+01,6.700000000000000000e+01,8.000000000000000000e+01,0.000000000000000000e+00,3.636999999999999744e+01,1.989999999999999858e+01
6.800000000000000000e+01,6.800000000000000000e+01,8.000000000000000000e+01,0.000000000000000000e+00,3.668999999999999773e+01,1.987000000000000099e+01
6.900000000000000000e+01,6.900000000000000000e+01,8.000000000000000000e+01,0.000000000000000000e+00,3.700999999999999801e+01,1.992999999999999972e+01
7.000000000000000000e+01,7.000000000000000000e+01,8.000000000000000000e+01,0.000000000000000000e+00,3.736999999999999744e+01,1.992999999999999972e+01
7.100000000000000000e+01,7.100000000000000000e+01,8.000000000000000000e+01,0.000000000000000000e+00,3.765999999999999659e+01,1.992999999999999972e+01
7.200000000000000000e+01,7.200000000000000000e+01,8.000000000000000000e+01,0.000000000000000000e+00,3.797999999999999687e+01,1.996000000000000085e+01
7.300000000000000000e+01,7.300000000000000000e+01,8.000000000000000000e+01,0.000000000000000000e+00,3.829999999999999716e+01,2.012000000000000099e+01
7.400000000000000000e+01,7.400000000000000000e+01,8.000000000000000000e+01,0.000000000000000000e+00,3.861999999999999744e+01,2.016000000000000014e+01
7.500000000000000000e+01,7.500000000000000000e+01,8.000000000000000000e+01,0.000000000000000000e+00,3.895000000000000284e+01,2.019000000000000128e+01
7.600000000000000000e+01,7.600000000000000000e+01,8.000000000000000000e+01,0.000000000000000000e+00,3.927000000000000313e+01,2.025000000000000000e+01
7.700000000000000000e+01,7.700000000000000000e+01,8.000000000000000000e+01,0.000000000000000000e+00,3.959000000000000341e+01,2.037999999999999901e+01
7.800000000000000000e+01,7.800000000000000000e+01,8.000000000000000000e+01,0.000000000000000000e+00,3.990999999999999659e+01,2.025000000000000000e+01
7.900000000000000000e+01,7.900000000000000000e+01,8.000000000000000000e+01,0.000000000000000000e+00,4.022999999999999687e+01,2.025000000000000000e+01
8.000000000000000000e+01,8.000000000000000000e+01,8.000000000000000000e+01,0.000000000000000000e+00,4.056000000000000227e+01,2.025000000000000000e+01
8.100000000000000000e+01,8.100000000000000000e+01,8.000000000000000000e+01,0.000000000000000000e+00,4.088000000000000256e+01,2.042000000000000171e+01
8.200000000000000000e+01,8.200000000000000000e+01,8.000000000000000000e+01,0.000000000000000000e+00,4.120000000000000284e+01,2.044999999999999929e+01
8.300000000000000000e+01,8.300000000000000000e+01,8.000000000000000000e+01,0.000000000000000000e+00,4.152000000000000313e+01,2.048000000000000043e+01
8.400000000000000000e+01,8.400000000000000000e+01,8.000000000000000000e+01,0.000000000000000000e+00,4.185000000000000142e+01,2.057999999999999829e+01
8.500000000000000000e+01,8.500000000000000000e+01,8.000000000000000000e+01,0.000000000000000000e+00,4.217000000000000171e+01,2.053999999999999915e+01
8.600000000000000000e+01,8.600000000000000000e+01,8.000000000000000000e+01,0.000000000000000000e+00,4.249000000000000199e+01,2.060999999999999943e+01
8.700000000000000000e+01,8.700000000000000000e+01,8.000000000000000000e+01,0.000000000000000000e+00,4.281000000000000227e+01,2.057999999999999829e+01
8.800000000000000000e+01,8.800000000000000000e+01,8.000000000000000000e+01,0.000000000000000000e+00,4.313000000000000256e+01,2.057999999999999829e+01
8.900000000000000000e+01,8.900000000000000000e+01,8.000000000000000000e+01,0.000000000000000000e+00,4.332999999999999829e+01,2.064000000000000057e+01
9.000000000000000000e+01,9.000000000000000000e+01,8.000000000000000000e+01,0.000000000000000000e+00,4.352000000000000313e+01,2.082999999999999829e+01
9.100000000000000000e+01,9.100000000000000000e+01,8.000000000000000000e+01,0.000000000000000000e+00,4.378000000000000114e+01,2.089999999999999858e+01
9.200000000000000000e+01,9.200000000000000000e+01,8.000000000000000000e+01,0.000000000000000000e+00,4.413000000000000256e+01,2.087000000000000099e+01
9.300000000000000000e+01,9.300000000000000000e+01,8.000000000000000000e+01,0.000000000000000000e+00,4.442000000000000171e+01,2.089999999999999858e+01
9.400000000000000000e+01,9.400000000000000000e+01,8.000000000000000000e+01,0.000000000000000000e+00,4.475000000000000000e+01,2.089999999999999858e+01
9.500000000000000000e+01,9.500000000000000000e+01,8.000000000000000000e+01,0.000000000000000000e+00,4.503999999999999915e+01,2.089999999999999858e+01
9.600000000000000000e+01,9.600000000000000000e+01,8.000000000000000000e+01,0.000000000000000000e+00,4.539000000000000057e+01,2.089999999999999858e+01
9.700000000000000000e+01,9.700000000000000000e+01,8.000000000000000000e+01,0.000000000000000000e+00,4.567999999999999972e+01,2.116000000000000014e+01
9.800000000000000000e+01,9.800000000000000000e+01,8.000000000000000000e+01,0.000000000000000000e+00,4.603999999999999915e+01,2.125000000000000000e+01
9.900000000000000000e+01,9.900000000000000000e+01,8.000000000000000000e+01,0.000000000000000000e+00,4.635999999999999943e+01,2.121999999999999886e+01
1.000000000000000000e+02,1.000000000000000000e+02,8.000000000000000000e+01,0.000000000000000000e+00,4.664999999999999858e+01,2.121999999999999886e+01
1.010000000000000000e+02,1.010000000000000000e+02,8.000000000000000000e+01,0.000000000000000000e+00,4.693999999999999773e+01,2.121999999999999886e+01
1.020000000000000000e+02,1.020000000000000000e+02,8.000000000000000000e+01,0.000000000000000000e+00,4.720000000000000284e+01,2.121999999999999886e+01
1.030000000000000000e+02,1.030000000000000000e+02,8.000000000000000000e+01,0.000000000000000000e+00,4.739000000000000057e+01,2.125000000000000000e+01
1.040000000000000000e+02,1.040000000000000000e+02,8.000000000000000000e+01,0.000000000000000000e+00,4.764999999999999858e+01,2.144999999999999929e+01
1.050000000000000000e+02,1.050000000000000000e+02,8.000000000000000000e+01,0.000000000000000000e+00,4.796999999999999886e+01,2.148000000000000043e+01
1.060000000000000000e+02,1.060000000000000000e+02,8.000000000000000000e+01,0.000000000000000000e+00,4.828999999999999915e+01,2.164000000000000057e+01
1.070000000000000000e+02,1.070000000000000000e+02,8.000000000000000000e+01,0.000000000000000000e+00,4.845000000000000284e+01,2.153999999999999915e+01
1.080000000000000000e+02,1.080000000000000000e+02,8.000000000000000000e+01,0.000000000000000000e+00,4.864999999999999858e+01,2.153999999999999915e+01
1.090000000000000000e+02,1.090000000000000000e+02,8.000000000000000000e+01,0.000000000000000000e+00,4.893999999999999773e+01,2.157999999999999829e+01
1.100000000000000000e+02,1.100000000000000000e+02,8.000000000000000000e+01,0.000000000000000000e+00,4.925999999999999801e+01,2.169999999999999929e+01
1.110000000000000000e+02,1.110000000000000000e+02,8.000000000000000000e+01,0.000000000000000000e+00,4.954999999999999716e+01,2.182999999999999829e+01
1.120000000000000000e+02,1.120000000000000000e+02,8.000000000000000000e+01,0.000000000000000000e+00,4.977000000000000313e+01,2.187000000000000099e+01
1.130000000000000000e+02,1.130000000000000000e+02,8.000000000000000000e+01,0.000000000000000000e+00,4.989999999999999858e+01,2.187000000000000099e+01
1.140000000000000000e+02,1.140000000000000000e+02,8.000000000000000000e+01,0.000000000000000000e+00,5.021999999999999886e+01,2.187000000000000099e+01
1.150000000000000000e+02,1.150000000000000000e+02,8.000000000000000000e+01,0.000000000000000000e+00,5.054999999999999716e+01,2.187000000000000099e+01
1.160000000000000000e+02,1.160000000000000000e+02,8.000000000000000000e+01,0.000000000000000000e+00,5.086999999999999744e+01,2.198999999999999844e+01
1.170000000000000000e+02,1.170000000000000000e+02,8.000000000000000000e+01,0.000000000000000000e+00,5.115999999999999659e+01,2.216000000000000014e+01
1.180000000000000000e+02,1.180000000000000000e+02,8.000000000000000000e+01,0.000000000000000000e+00,5.145000000000000284e+01,2.219000000000000128e+01
1.190000000000000000e+02,1.190000000000000000e+02,8.000000000000000000e+01,0.000000000000000000e+00,5.167000000000000171e+01,2.219000000000000128e+01
1.200000000000000000e+02,1.200000000000000000e+02,8.000000000000000000e+01,1.000000000000000000e+02,5.189999999999999858e+01,2.269999999999999929e+01
1.210000000000000000e+02,1.210000000000000000e+02,8.000000000000000000e+01,1.000000000000000000e+02,5.215999999999999659e+01,2.244999999999999929e+01
1.220000000000000000e+02,1.220000000000000000e+02,8.000000000000000000e+01,1.000000000000000000e+02,5.247999999999999687e+01,2.260999999999999943e+01
1.230000000000000000e+02,1.230000000000000000e+02,8.000000000000000000e+01,1.000000000000000000e+02,5.277000000000000313e+01,2.267000000000000171e+01
1.240000000000000000e+02,1.240000000000000000e+02,8.000000000000000000e+01,1.000000000000000000e+02,5.286999999999999744e+01,2.296000000000000085e+01
1.250000000000000000e+02,1.250000000000000000e+02,8.000000000000000000e+01,1.000000000000000000e+02,5.313000000000000256e+01,2.289999999999999858e+01
1.260000000000000000e+02,1.260000000000000000e+02,8.000000000000000000e+01,1.000000000000000000e+02,5.345000000000000284e+01,2.319000000000000128e+01
1.270000000000000000e+02,1.270000000000000000e+02,8.000000000000000000e+01,1.000000000000000000e+02,5.371000000000000085e+01,2.344000000000000128e+01
1.280000000000000000e+02,1.280000000000000000e+02,8.000000000000000000e+01,1.000000000000000000e+02,5.382999999999999829e+01,2.348000000000000043e+01
1.290000000000000000e+02,1.290000000000000000e+02,8.000000000000000000e+01,1.000000000000000000e+02,5.411999999999999744e+01,2.364000000000000057e+01
1.300000000000000000e+02,1.300000000000000000e+02,8.000000000000000000e+01,1.000000000000000000e+02,5.440999999999999659e+01,2.392999999999999972e+01
1.310000000000000000e+02,1.310000000000000000e+02,8.000000000000000000e+01,1.000000000000000000e+02,5.474000000000000199e+01,2.373000000000000043e+01
1.320000000000000000e+02,1.320000000000000000e+02,8.000000000000000000e+01,1.000000000000000000e+02,5.492999999999999972e+01,2.412000000000000099e+01
1.330000000000000000e+02,1.330000000000000000e+02,8.000000000000000000e+01,1.000000000000000000e+02,5.509000000000000341e+01,2.457000000000000028e+01
1.340000000000000000e+02,1.340000000000000000e+02,8.000000000000000000e+01,1.000000000000000000e+02,5.538000000000000256e+01,2.437999999999999901e+01
1.350000000000000000e+02,1.350000000000000000e+02,8.000000000000000000e+01,1.000000000000000000e+02,5.570000000000000284e+01,2.464000000000000057e+01
1.360000000000000000e+02,1.360000000000000000e+02,8.000000000000000000e+01,1.000000000000000000e+02,5.592999999999999972e+01,2.508999999999999986e+01
1.370000000000000000e+02,1.370000000000000000e+02,8.000000000000000000e+01,1.000000000000000000e+02,5.603000000000000114e+01,2.537999999999999901e+01
1.380000000000000000e+02,1.380000000000000000e+02,8.000000000000000000e+01,1.000000000000000000e+02,5.635000000000000142e+01,2.573000000000000043e+01
1.390000000000000000e+02,1.390000000000000000e+02,8.000000000000000000e+01,1.000000000000000000e+02,5.667000000000000171e+01,2.580000000000000071e+01
1.400000000000000000e+02,1.400000000000000000e+02,8.000000000000000000e+01,1.000000000000000000e+02,5.696000000000000085e+01,2.633999999999999986e+01
1.410000000000000000e+02,1.410000000000000000e+02,8.000000000000000000e+01,1.000000000000000000e+02,5.699000000000000199e+01,2.644000000000000128e+01
1.420000000000000000e+02,1.420000000000000000e+02,8.000000000000000000e+01,1.000000000000000000e+02,5.731000000000000227e+01,2.660000000000000142e+01
1.430000000000000000e+02,1.430000000000000000e+02,8.000000000000000000e+01,1.000000000000000000e+02,5.757000000000000028e+01,2.705000000000000071e+01
1.440000000000000000e+02,1.440000000000000000e+02,8.000000000000000000e+01,1.000000000000000000e+02,5.764000000000000057e+01,2.712000000000000099e+01
1.450000000000000000e+02,1.450000000000000000e+02,8.000000000000000000e+01,1.000000000000000000e+02,5.796000000000000085e+01,2.737999999999999901e+01
1.460000000000000000e+02,1.460000000000000000e+02,8.000000000000000000e+01,1.000000000000000000e+02,5.821999999999999886e+01,2.760000000000000142e+01
1.470000000000000000e+02,1.470000000000000000e+02,8.000000000000000000e+01,1.000000000000000000e+02,5.831000000000000227e+01,2.767000000000000171e+01
1.480000000000000000e+02,1.480000000000000000e+02,8.000000000000000000e+01,1.000000000000000000e+02,5.860000000000000142e+01,2.792000000000000171e+01
1.490000000000000000e+02,1.490000000000000000e+02,8.000000000000000000e+01,1.000000000000000000e+02,5.879999999999999716e+01,2.862999999999999901e+01
1.500000000000000000e+02,1.500000000000000000e+02,8.000000000000000000e+01,1.000000000000000000e+02,5.892999999999999972e+01,2.889000000000000057e+01
1.510000000000000000e+02,1.510000000000000000e+02,8.000000000000000000e+01,1.000000000000000000e+02,5.925000000000000000e+01,2.878999999999999915e+01
1.520000000000000000e+02,1.520000000000000000e+02,8.000000000000000000e+01,1.000000000000000000e+02,5.943999999999999773e+01,2.946999999999999886e+01
1.530000000000000000e+02,1.530000000000000000e+02,8.000000000000000000e+01,1.000000000000000000e+02,5.960000000000000142e+01,2.946999999999999886e+01
1.540000000000000000e+02,1.540000000000000000e+02,8.000000000000000000e+01,1.000000000000000000e+02,5.992000000000000171e+01,2.978999999999999915e+01
1.550000000000000000e+02,1.550000000000000000e+02,8.000000000000000000e+01,1.000000000000000000e+02,6.021000000000000085e+01,3.021000000000000085e+01
1.560000000000000000e+02,1.560000000000000000e+02,8.000000000000000000e+01,1.000000000000000000e+02,6.031000000000000227e+01,3.033999999999999986e+01
1.570000000000000000e+02,1.570000000000000000e+02,8.000000000000000000e+01,1.000000000000000000e+02,6.053999999999999915e+01,3.073000000000000043e+01
1.580000000000000000e+02,1.580000000000000000e+02,8.000000000000000000e+01,1.000000000000000000e+02,6.078999999999999915e+01,3.105000000000000071e+01
1.590000000000000000e+02,1.590000000000000000e+02,8.000000000000000000e+01,1.000000000000000000e+02,6.085999999999999943e+01,3.110999999999999943e+01
1.600000000000000000e+02,1.600000000000000000e+02,8.000000000000000000e+01,1.000000000000000000e+02,6.117999999999999972e+01,3.153000000000000114e+01
1.610000000000000000e+02,1.610000000000000000e+02,8.000000000000000000e+01,1.000000000000000000e+02,6.128000000000000114e+01,3.146999999999999886e+01
1.620000000000000000e+02,1.620000000000000000e+02,8.000000000000000000e+01,1.000000000000000000e+02,6.150000000000000000e+01,3.217999999999999972e+01
1.630000000000000000e+02,1.630000000000000000e+02,8.000000000000000000e+01,1.000000000000000000e+02,6.172999999999999687e+01,3.246999999999999886e+01
1.640000000000000000e+02,1.640000000000000000e+02,8.000000000000000000e+01,1.000000000000000000e+02,6.189000000000000057e+01,3.268999999999999773e+01
1.650000000000000000e+02,1.650000000000000000e+02,8.000000000000000000e+01,1.000000000000000000e+02,6.214999999999999858e+01,3.302000000000000313e+01
1.660000000000000000e+02,1.660000000000000000e+02,8.000000000000000000e+01,1.000000000000000000e+02,6.214999999999999858e+01,3.275999999999999801e+01
1.670000000000000000e+02,1.670000000000000000e+02,8.000000000000000000e+01,1.000000000000000000e+02,6.246999999999999886e+01,3.346999999999999886e+01
1.680000000000000000e+02,1.680000000000000000e+02,8.000000000000000000e+01,1.000000000000000000e+02,6.265999999999999659e+01,3.353000000000000114e+01
1.690000000000000000e+02,1.690000000000000000e+02,8.000000000000000000e+01,1.000000000000000000e+02,6.278999999999999915e+01,3.382000000000000028e+01
1.700000000000000000e+02,1.700000000000000000e+02,8.000000000000000000e+01,1.000000000000000000e+02,6.311999999999999744e+01,3.414000000000000057e+01
1.710000000000000000e+02,1.710000000000000000e+02,8.000000000000000000e+01,1.000000000000000000e+02,6.340999999999999659e+01,3.465999999999999659e+01
1.720000000000000000e+02,1.720000000000000000e+02,8.000000000000000000e+01,1.000000000000000000e+02,6.343999999999999773e+01,3.482000000000000028e+01
1.730000000000000000e+02,1.730000000000000000e+02,8.000000000000000000e+01,1.000000000000000000e+02,6.372999999999999687e+01,3.495000000000000284e+01
1.740000000000000000e+02,1.740000000000000000e+02,8.000000000000000000e+01,1.000000000000000000e+02,6.382000000000000028e+01,3.497999999999999687e+01
1.750000000000000000e+02,1.750000000000000000e+02,8.000000000000000000e+01,1.000000000000000000e+02,6.407999999999999829e+01,3.542999999999999972e+01
1.760000000000000000e+02,1.760000000000000000e+02,8.000000000000000000e+01,1.000000000000000000e+02,6.415000000000000568e+01,3.588000000000000256e+01
1.770000000000000000e+02,1.770000000000000000e+02,8.000000000000000000e+01,1.000000000000000000e+02,6.440000000000000568e+01,3.603999999999999915e+01
1.780000000000000000e+02,1.780000000000000000e+02,8.000000000000000000e+01,1.000000000000000000e+02,6.465999999999999659e+01,3.624000000000000199e+01
1.790000000000000000e+02,1.790000000000000000e+02,8.000000000000000000e+01,1.000000000000000000e+02,6.473000000000000398e+01,3.656000000000000227e+01
1.800000000000000000e+02,1.800000000000000000e+02,8.000000000000000000e+01,1.000000000000000000e+02,6.504999999999999716e+01,3.700999999999999801e+01
1.810000000000000000e+02,1.810000000000000000e+02,8.000000000000000000e+01,1.000000000000000000e+02,6.504999999999999716e+01,3.732999999999999829e+01
1.820000000000000000e+02,1.820000000000000000e+02,8.000000000000000000e+01,1.000000000000000000e+02,6.537000000000000455e+01,3.739999999999999858e+01
1.830000000000000000e+02,1.830000000000000000e+02,8.000000000000000000e+01,1.000000000000000000e+02,6.568999999999999773e+01,3.742999999999999972e+01
1.840000000000000000e+02,1.840000000000000000e+02,8.000000000000000000e+01,1.000000000000000000e+02,6.568999999999999773e+01,3.759000000000000341e+01
1.850000000000000000e+02,1.850000000000000000e+02,8.000000000000000000e+01,1.000000000000000000e+02,6.595000000000000284e+01,3.829999999999999716e+01
1.860000000000000000e+02,1.860000000000000000e+02,8.000000000000000000e+01,1.000000000000000000e+02,6.601999999999999602e+01,3.814000000000000057e+01
1.870000000000000000e+02,1.870000000000000000e+02,8.000000000000000000e+01,1.000000000000000000e+02,6.634000000000000341e+01,3.836999999999999744e+01
1.880000000000000000e+02,1.880000000000000000e+02,8.000000000000000000e+01,1.000000000000000000e+02,6.634000000000000341e+01,3.868999999999999773e+01
1.890000000000000000e+02,1.890000000000000000e+02,8.000000000000000000e+01,1.000000000000000000e+02,6.665999999999999659e+01,3.900999999999999801e+01
1.900000000000000000e+02,1.900000000000000000e+02,8.000000000000000000e+01,1.000000000000000000e+02,6.679000000000000625e+01,3.910999999999999943e+01
1.910000000000000000e+02,1.910000000000000000e+02,8.000000000000000000e+01,1.000000000000000000e+02,6.698000000000000398e+01,3.959000000000000341e+01
1.920000000000000000e+02,1.920000000000000000e+02,8.000000000000000000e+01,1.000000000000000000e+02,6.704999999999999716e+01,3.953000000000000114e+01
1.930000000000000000e+02,1.930000000000000000e+02,8.000000000000000000e+01,1.000000000000000000e+02,6.729999999999999716e+01,4.000999999999999801e+01
1.940000000000000000e+02,1.940000000000000000e+02,8.000000000000000000e+01,1.000000000000000000e+02,6.759000000000000341e+01,4.007000000000000028e+01
1.950000000000000000e+02,1.950000000000000000e+02,8.000000000000000000e+01,1.000000000000000000e+02,6.765999999999999659e+01,4.061999999999999744e+01
1.960000000000000000e+02,1.960000000000000000e+02,8.000000000000000000e+01,1.000000000000000000e+02,6.795000000000000284e+01,4.075000000000000000e+01
1.970000000000000000e+02,1.970000000000000000e+02,8.000000000000000000e+01,1.000000000000000000e+02,6.804999999999999716e+01,4.081000000000000227e+01
1.980000000000000000e+02,1.980000000000000000e+02,8.000000000000000000e+01,1.000000000000000000e+02,6.826999999999999602e+01,4.120000000000000284e+01
1.990000000000000000e+02,1.990000000000000000e+02,8.000000000000000000e+01,1.000000000000000000e+02,6.829999999999999716e+01,4.122999999999999687e+01
2.000000000000000000e+02,2.000000000000000000e+02,2.000000000000000000e+01,1.000000000000000000e+02,6.859000000000000341e+01,4.185000000000000142e+01
2.010000000000000000e+02,2.010000000000000000e+02,2.000000000000000000e+01,1.000000000000000000e+02,6.859000000000000341e+01,4.190999999999999659e+01
2.020000000000000000e+02,2.020000000000000000e+02,2.000000000000000000e+01,1.000000000000000000e+02,6.865999999999999659e+01,4.214000000000000057e+01
2.030000000000000000e+02,2.030000000000000000e+02,2.000000000000000000e+01,1.000000000000000000e+02,6.892000000000000171e+01,4.222999999999999687e+01
2.040000000000000000e+02,2.040000000000000000e+02,2.000000000000000000e+01,1.000000000000000000e+02,6.895000000000000284e+01,4.261999999999999744e+01
2.050000000000000000e+02,2.050000000000000000e+02,2.000000000000000000e+01,1.000000000000000000e+02,6.923999999999999488e+01,4.288000000000000256e+01
2.060000000000000000e+02,2.060000000000000000e+02,2.000000000000000000e+01,1.000000000000000000e+02,6.923999999999999488e+01,4.288000000000000256e+01
2.070000000000000000e+02,2.070000000000000000e+02,2.000000000000000000e+01,1.000000000000000000e+02,6.926999999999999602e+01,4.346000000000000085e+01
2.080000000000000000e+02,2.080000000000000000e+02,2.000000000000000000e+01,1.000000000000000000e+02,6.945999999999999375e+01,4.339000000000000057e+01
2.090000000000000000e+02,2.090000000000000000e+02,2.000000000000000000e+01,1.000000000000000000e+02,6.956000000000000227e+01,4.378000000000000114e+01
2.100000000000000000e+02,2.100000000000000000e+02,2.000000000000000000e+01,1.000000000000000000e+02,6.956000000000000227e+01,4.367999999999999972e+01
2.110000000000000000e+02,2.110000000000000000e+02,2.000000000000000000e+01,1.000000000000000000e+02,6.956000000000000227e+01,4.400000000000000000e+01
2.120000000000000000e+02,2.120000000000000000e+02,2.000000000000000000e+01,1.000000000000000000e+02,6.956000000000000227e+01,4.442000000000000171e+01
2.130000000000000000e+02,2.130000000000000000e+02,2.000000000000000000e+01,1.000000000000000000e+02,6.956000000000000227e+01,4.442000000000000171e+01
2.140000000000000000e+02,2.140000000000000000e+02,2.000000000000000000e+01,1.000000000000000000e+02,6.956000000000000227e+01,4.471000000000000085e+01
2.150000000000000000e+02,2.150000000000000000e+02,2.000000000000000000e+01,1.000000000000000000e+02,6.932999999999999829e+01,4.507000000000000028e+01
2.160000000000000000e+02,2.160000000000000000e+02,2.000000000000000000e+01,1.000000000000000000e+02,6.926999999999999602e+01,4.496999999999999886e+01
2.170000000000000000e+02,2.170000000000000000e+02,2.000000000000000000e+01,1.000000000000000000e+02,6.923999999999999488e+01,4.500000000000000000e+01
2.180000000000000000e+02,2.180000000000000000e+02,2.000000000000000000e+01,1.000000000000000000e+02,6.923999999999999488e+01,4.571000000000000085e+01
2.190000000000000000e+02,2.190000000000000000e+02,2.000000000000000000e+01,1.000000000000000000e+02,6.923999999999999488e+01,4.578000000000000114e+01
2.200000000000000000e+02,2.200000000000000000e+02,2.000000000000000000e+01,1.000000000000000000e+02,6.923999999999999488e+01,4.603999999999999915e+01
2.210000000000000000e+02,2.210000000000000000e+02,2.000000000000000000e+01,1.000000000000000000e+02,6.914000000000000057e+01,4.632999999999999829e+01
2.220000000000000000e+02,2.220000000000000000e+02,2.000000000000000000e+01,1.000000000000000000e+02,6.892000000000000171e+01,4.657999999999999829e+01
2.230000000000000000e+02,2.230000000000000000e+02,2.000000000000000000e+01,1.000000000000000000e+02,6.892000000000000171e+01,4.667999999999999972e+01
2.240000000000000000e+02,2.240000000000000000e+02,2.000000000000000000e+01,1.000000000000000000e+02,6.892000000000000171e+01,4.686999999999999744e+01
2.250000000000000000e+02,2.250000000000000000e+02,2.000000000000000000e+01,1.000000000000000000e+02,6.868999999999999773e+01,4.722999999999999687e+01
2.260000000000000000e+02,2.260000000000000000e+02,2.000000000000000000e+01,1.000000000000000000e+02,6.859000000000000341e+01,4.700000000000000000e+01
2.270000000000000000e+02,2.270000000000000000e+02,2.000000000000000000e+01,1.000000000000000000e+02,6.859000000000000341e+01,4.749000000000000199e+01
2.280000000000000000e+02,2.280000000000000000e+02,2.000000000000000000e+01,1.000000000000000000e+02,6.834000000000000341e+01,4.752000000000000313e+01
2.290000000000000000e+02,2.290000000000000000e+02,2.000000000000000000e+01,1.000000000000000000e+02,6.826999999999999602e+01,4.800000000000000000e+01
2.300000000000000000e+02,2.300000000000000000e+02,2.000000000000000000e+01,1.000000000000000000e+02,6.807999999999999829e+01,4.828999999999999915e+01
2.310000000000000000e+02,2.310000000000000000e+02,2.000000000000000000e+01,1.000000000000000000e+02,6.795000000000000284e+01,4.842000000000000171e+01
2.320000000000000000e+02,2.320000000000000000e+02,2.000000000000000000e+01,1.000000000000000000e+02,6.795000000000000284e+01,4.847999999999999687e+01
2.330000000000000000e+02,2.330000000000000000e+02,2.000000000000000000e+01,1.000000000000000000e+02,6.771999999999999886e+01,4.864999999999999858e+01
2.340000000000000000e+02,2.340000000000000000e+02,2.000000000000000000e+01,1.000000000000000000e+02,6.762999999999999545e+01,4.857999999999999829e+01
2.350000000000000000e+02,2.350000000000000000e+02,2.000000000000000000e+01,1.000000000000000000e+02,6.762999999999999545e+01,4.884000000000000341e+01
2.360000000000000000e+02,2.360000000000000000e+02,2.000000000000000000e+01,1.000000000000000000e+02,6.729999999999999716e+01,4.935000000000000142e+01
2.370000000000000000e+02,2.370000000000000000e+02,2.000000000000000000e+01,1.000000000000000000e+02,6.729999999999999716e+01,4.928999999999999915e+01
2.380000000000000000e+02,2.380000000000000000e+02,2.000000000000000000e+01,1.000000000000000000e+02,6.718000000000000682e+01,4.942000000000000171e+01
2.390000000000000000e+02,2.390000000000000000e+02,2.000000000000000000e+01,1.000000000000000000e+02,6.698000000000000398e+01,4.989999999999999858e+01
2.400000000000000000e+02,2.400000000000000000e+02,2.000000000000000000e+01,1.000000000000000000e+02,6.695000000000000284e+01,4.984000000000000341e+01
2.410000000000000000e+02,2.410000000000000000e+02,2.000000000000000000e+01,1.000000000000000000e+02,6.665999999999999659e+01,5.013000000000000256e+01
2.420000000000000000e+02,2.420000000000000000e+02,2.000000000000000000e+01,1.000000000000000000e+02,6.665999999999999659e+01,5.032000000000000028e+01
2.430000000000000000e+02,2.430000000000000000e+02,2.000000000000000000e+01,1.000000000000000000e+02,6.634000000000000341e+01,5.060999999999999943e+01
2.440000000000000000e+02,2.440000000000000000e+02,2.000000000000000000e+01,1.000000000000000000e+02,6.634000000000000341e+01,5.039000000000000057e+01
2.450000000000000000e+02,2.450000000000000000e+02,2.000000000000000000e+01,1.000000000000000000e+02,6.634000000000000341e+01,5.077000000000000313e+01
2.460000000000000000e+02,2.460000000000000000e+02,2.000000000000000000e+01,1.000000000000000000e+02,6.601999999999999602e+01,5.109000000000000341e+01
2.470000000000000000e+02,2.470000000000000000e+02,2.000000000000000000e+01,1.000000000000000000e+02,6.601999999999999602e+01,5.135000000000000142e+01
2.480000000000000000e+02,2.480000000000000000e+02,2.000000000000000000e+01,1.000000000000000000e+02,6.584999999999999432e+01,5.138000000000000256e+01
2.490000000000000000e+02,2.490000000000000000e+02,2.000000000000000000e+01,1.000000000000000000e+02,6.568999999999999773e+01,5.167000000000000171e+01
2.500000000000000000e+02,2.500000000000000000e+02,2.000000000000000000e+01,1.000000000000000000e+02,6.568999999999999773e+01,5.157999999999999829e+01
2.510000000000000000e+02,2.510000000000000000e+02,2.000000000000000000e+01,1.000000000000000000e+02,6.556000000000000227e+01,5.171000000000000085e+01
2.520000000000000000e+02,2.520000000000000000e+02,2.000000000000000000e+01,1.000000000000000000e+02,6.537000000000000455e+01,5.213000000000000256e+01
2.530000000000000000e+02,2.530000000000000000e+02,2.000000000000000000e+01,1.000000000000000000e+02,6.534000000000000341e+01,5.221999999999999886e+01
2.540000000000000000e+02,2.540000000000000000e+02,2.000000000000000000e+01,1.000000000000000000e+02,6.510999999999999943e+01,5.238000000000000256e+01
2.550000000000000000e+02,2.550000000000000000e+02,2.000000000000000000e+01,1.000000000000000000e+02,6.504999999999999716e+01,5.228999999999999915e+01
2.560000000000000000e+02,2.560000000000000000e+02,2.000000000000000000e+01,1.000000000000000000e+02,6.473000000000000398e+01,5.235000000000000142e+01
2.570000000000000000e+02,2.570000000000000000e+02,2.000000000000000000e+01,1.000000000000000000e+02,6.473000000000000398e+01,5.279999999999999716e+01
2.580000000000000000e+02,2.580000000000000000e+02,2.000000000000000000e+01,1.000000000000000000e+02,6.459999999999999432e+01,5.292999999999999972e+01
2.590000000000000000e+02,2.590000000000000000e+02,2.000000000000000000e+01,1.000000000000000000e+02,6.440000000000000568e+01,5.309000000000000341e+01
2.600000000000000000e+02,2.600000000000000000e+02,2.000000000000000000e+01,1.000000000000000000e+02,6.440000000000000568e+01,5.292999999999999972e+01
2.610000000000000000e+02,2.610000000000000000e+02,2.000000000000000000e+01,1.000000000000000000e+02,6.415000000000000568e+01,5.318999999999999773e+01
2.620000000000000000e+02,2.620000000000000000e+02,2.000000000000000000e+01,1.000000000000000000e+02,6.407999999999999829e+01,5.318999999999999773e+01
2.630000000000000000e+02,2.630000000000000000e+02,2.000000000000000000e+01,1.000000000000000000e+02,6.407999999999999829e+01,5.350999999999999801e+01
2.640000000000000000e+02,2.640000000000000000e+02,2.000000000000000000e+01,1.000000000000000000e+02,6.378999999999999915e+01,5.360999999999999943e+01
2.650000000000000000e+02,2.650000000000000000e+02,2.000000000000000000e+01,1.000000000000000000e+02,6.375999999999999801e+01,5.377000000000000313e+01
2.660000000000000000e+02,2.660000000000000000e+02,2.000000000000000000e+01,1.000000000000000000e+02,6.375999999999999801e+01,5.379999999999999716e+01
2.670000000000000000e+02,2.670000000000000000e+02,2.000000000000000000e+01,1.000000000000000000e+02,6.350000000000000000e+01,5.409000000000000341e+01
2.680000000000000000e+02,2.680000000000000000e+02,2.000000000000000000e+01,1.000000000000000000e+02,6.343999999999999773e+01,5.396000000000000085e+01
2.690000000000000000e+02,2.690000000000000000e+02,2.000000000000000000e+01,1.000000000000000000e+02,6.331000000000000227e+01,5.447999999999999687e+01
2.700000000000000000e+02,2.700000000000000000e+02,2.000000000000000000e+01,1.000000000000000000e+02,6.311999999999999744e+01,5.425000000000000000e+01
2.710000000000000000e+02,2.710000000000000000e+02,2.000000000000000000e+01,1.000000000000000000e+02,6.307999999999999829e+01,5.447999999999999687e+01
2.720000000000000000e+02,2.720000000000000000e+02,2.000000000000000000e+01,1.000000000000000000e+02,6.278999999999999915e+01,5.447999999999999687e+01
2.730000000000000000e+02,2.730000000000000000e+02,2.000000000000000000e+01,1.000000000000000000e+02,6.278999999999999915e+01,5.453999999999999915e+01
2.740000000000000000e+02,2.740000000000000000e+02,2.000000000000000000e+01,1.000000000000000000e+02,6.257000000000000028e+01,5.503000000000000114e+01
2.750000000000000000e+02,2.750000000000000000e+02,2.000000000000000000e+01,1.000000000000000000e+02,6.246999999999999886e+01,5.511999999999999744e+01
2.760000000000000000e+02,2.760000000000000000e+02,2.000000000000000000e+01,1.000000000000000000e+02,6.246999999999999886e+01,5.474000000000000199e+01
2.770000000000000000e+02,2.770000000000000000e+02,2.000000000000000000e+01,1.000000000000000000e+02,6.231000000000000227e+01,5.525000000000000000e+01
2.780000000000000000e+02,2.780000000000000000e+02,2.000000000000000000e+01,1.000000000000000000e+02,6.214999999999999858e+01,5.511999999999999744e+01
2.790000000000000000e+02,2.790000000000000000e+02,2.000000000000000000e+01,1.000000000000000000e+02,6.214999999999999858e+01,5.515999999999999659e+01
2.800000000000000000e+02,2.800000000000000000e+02,7.000000000000000000e+01,1.000000000000000000e+02,6.189000000000000057e+01,5.570000000000000284e+01
2.810000000000000000e+02,2.810000000000000000e+02,7.000000000000000000e+01,1.000000000000000000e+02,6.182999999999999829e+01,5.585999999999999943e+01
2.820000000000000000e+02,2.820000000000000000e+02,7.000000000000000000e+01,1.000000000000000000e+02,6.175999999999999801e+01,5.582999999999999829e+01
2.830000000000000000e+02,2.830000000000000000e+02,7.000000000000000000e+01,1.000000000000000000e+02,6.160000000000000142e+01,5.592999999999999972e+01
2.840000000000000000e+02,2.840000000000000000e+02,7.000000000000000000e+01,1.000000000000000000e+02,6.153999999999999915e+01,5.592999999999999972e+01
2.850000000000000000e+02,2.850000000000000000e+02,7.000000000000000000e+01,1.000000000000000000e+02,6.150000000000000000e+01,5.596000000000000085e+01
2.860000000000000000e+02,2.860000000000000000e+02,7.000000000000000000e+01,1.000000000000000000e+02,6.146999999999999886e+01,5.609000000000000341e+01
2.870000000000000000e+02,2.870000000000000000e+02,7.000000000000000000e+01,1.000000000000000000e+02,6.146999999999999886e+01,5.609000000000000341e+01
2.880000000000000000e+02,2.880000000000000000e+02,7.000000000000000000e+01,1.000000000000000000e+02,6.150000000000000000e+01,5.638000000000000256e+01
2.890000000000000000e+02,2.890000000000000000e+02,7.000000000000000000e+01,1.000000000000000000e+02,6.150000000000000000e+01,5.677000000000000313e+01
2.900000000000000000e+02,2.900000000000000000e+02,7.000000000000000000e+01,1.000000000000000000e+02,6.150000000000000000e+01,5.670000000000000284e+01
2.910000000000000000e+02,2.910000000000000000e+02,7.000000000000000000e+01,1.000000000000000000e+02,6.150000000000000000e+01,5.709000000000000341e+01
2.920000000000000000e+02,2.920000000000000000e+02,7.000000000000000000e+01,1.000000000000000000e+02,6.150000000000000000e+01,5.721999999999999886e+01
2.930000000000000000e+02,2.930000000000000000e+02,7.000000000000000000e+01,1.000000000000000000e+02,6.157000000000000028e+01,5.721999999999999886e+01
2.940000000000000000e+02,2.940000000000000000e+02,7.000000000000000000e+01,1.000000000000000000e+02,6.160000000000000142e+01,5.731000000000000227e+01
2.950000000000000000e+02,2.950000000000000000e+02,7.000000000000000000e+01,1.000000000000000000e+02,6.182999999999999829e+01,5.740999999999999659e+01
2.960000000000000000e+02,2.960000000000000000e+02,7.000000000000000000e+01,1.000000000000000000e+02,6.178999999999999915e+01,5.747999999999999687e+01
2.970000000000000000e+02,2.970000000000000000e+02,7.000000000000000000e+01,1.000000000000000000e+02,6.182999999999999829e+01,5.767000000000000171e+01
2.980000000000000000e+02,2.980000000000000000e+02,7.000000000000000000e+01,1.000000000000000000e+02,6.189000000000000057e+01,5.750999999999999801e+01
2.990000000000000000e+02,2.990000000000000000e+02,7.000000000000000000e+01,1.000000000000000000e+02,6.202000000000000313e+01,5.779999999999999716e+01
3.000000000000000000e+02,3.000000000000000000e+02,7.000000000000000000e+01,1.000000000000000000e+02,6.214999999999999858e+01,5.785999999999999943e+01
3.010000000000000000e+02,3.010000000000000000e+02,7.000000000000000000e+01,1.000000000000000000e+02,6.214999999999999858e+01,5.779999999999999716e+01
3.020000000000000000e+02,3.020000000000000000e+02,7.000000000000000000e+01,1.000000000000000000e+02,6.214999999999999858e+01,5.814999999999999858e+01
3.030000000000000000e+02,3.030000000000000000e+02,7.000000000000000000e+01,1.000000000000000000e+02,6.246999999999999886e+01,5.792999999999999972e+01
3.040000000000000000e+02,3.040000000000000000e+02,7.000000000000000000e+01,1.000000000000000000e+02,6.246999999999999886e+01,5.828000000000000114e+01
3.050000000000000000e+02,3.050000000000000000e+02,7.000000000000000000e+01,1.000000000000000000e+02,6.278999999999999915e+01,5.846999999999999886e+01
3.060000000000000000e+02,3.060000000000000000e+02,7.000000000000000000e+01,1.000000000000000000e+02,6.278999999999999915e+01,5.860000000000000142e+01
3.070000000000000000e+02,3.070000000000000000e+02,7.000000000000000000e+01,1.000000000000000000e+02,6.282999999999999829e+01,5.850999999999999801e+01
3.080000000000000000e+02,3.080000000000000000e+02,7.000000000000000000e+01,1.000000000000000000e+02,6.311999999999999744e+01,5.885999999999999943e+01
3.090000000000000000e+02,3.090000000000000000e+02,7.000000000000000000e+01,1.000000000000000000e+02,6.311999999999999744e+01,5.892999999999999972e+01
3.100000000000000000e+02,3.100000000000000000e+02,7.000000000000000000e+01,1.000000000000000000e+02,6.328000000000000114e+01,5.896000000000000085e+01
3.110000000000000000e+02,3.110000000000000000e+02,7.000000000000000000e+01,1.000000000000000000e+02,6.343999999999999773e+01,5.904999999999999716e+01
3.120000000000000000e+02,3.120000000000000000e+02,7.000000000000000000e+01,1.000000000000000000e+02,6.343999999999999773e+01,5.914999999999999858e+01
3.130000000000000000e+02,3.130000000000000000e+02,7.000000000000000000e+01,1.000000000000000000e+02,6.375999999999999801e+01,5.902000000000000313e+01
3.140000000000000000e+02,3.140000000000000000e+02,7.000000000000000000e+01,1.000000000000000000e+02,6.375999999999999801e+01,5.909000000000000341e+01
3.150000000000000000e+02,3.150000000000000000e+02,7.000000000000000000e+01,1.000000000000000000e+02,6.404999999999999716e+01,5.938000000000000256e+01
3.160000000000000000e+02,3.160000000000000000e+02,7.000000000000000000e+01,1.000000000000000000e+02,6.407999999999999829e+01,5.934000000000000341e+01
3.170000000000000000e+02,3.170000000000000000e+02,7.000000000000000000e+01,1.000000000000000000e+02,6.440000000000000568e+01,5.967000000000000171e+01
3.180000000000000000e+02,3.180000000000000000e+02,7.000000000000000000e+01,1.000000000000000000e+02,6.440000000000000568e+01,5.972999999999999687e+01
3.190000000000000000e+02,3.190000000000000000e+02,7.000000000000000000e+01,1.000000000000000000e+02,6.446999999999999886e+01,5.963000000000000256e+01
3.200000000000000000e+02,3.200000000000000000e+02,7.000000000000000000e+01,1.000000000000000000e+01,6.468999999999999773e+01,5.925000000000000000e+01
3.210000000000000000e+02,3.210000000000000000e+02,7.000000000000000000e+01,1.000000000000000000e+01,6.473000000000000398e+01,5.940999999999999659e+01
3.220000000000000000e+02,3.220000000000000000e+02,7.000000000000000000e+01,1.000000000000000000e+01,6.492000000000000171e+01,5.953999999999999915e+01
3.230000000000000000e+02,3.230000000000000000e+02,7.000000000000000000e+01,1.000000000000000000e+01,6.501999999999999602e+01,5.967000000000000171e+01
3.240000000000000000e+02,3.240000000000000000e+02,7.000000000000000000e+01,1.000000000000000000e+01,6.510999999999999943e+01,5.943999999999999773e+01
3.250000000000000000e+02,3.250000000000000000e+02,7.000000000000000000e+01,1.000000000000000000e+01,6.537000000000000455e+01,5.970000000000000284e+01
3.260000000000000000e+02,3.260000000000000000e+02,7.000000000000000000e+01,1.000000000000000000e+01,6.540000000000000568e+01,5.957000000000000028e+01
3.270000000000000000e+02,3.270000000000000000e+02,7.000000000000000000e+01,1.000000000000000000e+01,6.568999999999999773e+01,5.970000000000000284e+01
3.280000000000000000e+02,3.280000000000000000e+02,7.000000000000000000e+01,1.000000000000000000e+01,6.568999999999999773e+01,5.957000000000000028e+01
3.290000000000000000e+02,3.290000000000000000e+02,7.000000000000000000e+01,1.000000000000000000e+01,6.589000000000000057e+01,5.957000000000000028e+01
3.300000000000000000e+02,3.300000000000000000e+02,7.000000000000000000e+01,1.000000000000000000e+01,6.601999999999999602e+01,5.957000000000000028e+01
3.310000000000000000e+02,3.310000000000000000e+02,7.000000000000000000e+01,1.000000000000000000e+01,6.604999999999999716e+01,5.957000000000000028e+01
3.320000000000000000e+02,3.320000000000000000e+02,7.000000000000000000e+01,1.000000000000000000e+01,6.634000000000000341e+01,5.970000000000000284e+01
3.330000000000000000e+02,3.330000000000000000e+02,7.000000000000000000e+01,1.000000000000000000e+01,6.653000000000000114e+01,5.953999999999999915e+01
3.340000000000000000e+02,3.340000000000000000e+02,7.000000000000000000e+01,1.000000000000000000e+01,6.665999999999999659e+01,5.946999999999999886e+01
3.350000000000000000e+02,3.350000000000000000e+02,7.000000000000000000e+01,1.000000000000000000e+01,6.692000000000000171e+01,5.940999999999999659e+01
3.360000000000000000e+02,3.360000000000000000e+02,7.000000000000000000e+01,1.000000000000000000e+01,6.698000000000000398e+01,5.925000000000000000e+01
3.370000000000000000e+02,3.370000000000000000e+02,7.000000000000000000e+01,1.000000000000000000e+01,6.698000000000000398e+01,5.925000000000000000e+01
3.380000000000000000e+02,3.380000000000000000e+02,7.000000000000000000e+01,1.000000000000000000e+01,6.723999999999999488e+01,5.892999999999999972e+01
3.390000000000000000e+02,3.390000000000000000e+02,7.000000000000000000e+01,1.000000000000000000e+01,6.729999999999999716e+01,5.889000000000000057e+01
3.400000000000000000e+02,3.400000000000000000e+02,7.000000000000000000e+01,1.000000000000000000e+01,6.729999999999999716e+01,5.875999999999999801e+01
3.410000000000000000e+02,3.410000000000000000e+02,7.000000000000000000e+01,1.000000000000000000e+01,6.737000000000000455e+01,5.860000000000000142e+01
3.420000000000000000e+02,3.420000000000000000e+02,7.000000000000000000e+01,1.000000000000000000e+01,6.762999999999999545e+01,5.867000000000000171e+01
3.430000000000000000e+02,3.430000000000000000e+02,7.000000000000000000e+01,1.000000000000000000e+01,6.762999999999999545e+01,5.857000000000000028e+01
3.440000000000000000e+02,3.440000000000000000e+02,7.000000000000000000e+01,1.000000000000000000e+01,6.781999999999999318e+01,5.843999999999999773e+01
3.450000000000000000e+02,3.450000000000000000e+02,7.000000000000000000e+01,1.000000000000000000e+01,6.795000000000000284e+01,5.828000000000000114e+01
3.460000000000000000e+02,3.460000000000000000e+02,7.000000000000000000e+01,1.000000000000000000e+01,6.823999999999999488e+01,5.825000000000000000e+01
3.470000000000000000e+02,3.470000000000000000e+02,7.000000000000000000e+01,1.000000000000000000e+01,6.826999999999999602e+01,5.811999999999999744e+01
3.480000000000000000e+02,3.480000000000000000e+02,7.000000000000000000e+01,1.000000000000000000e+01,6.850000000000000000e+01,5.809000000000000341e+01
3.490000000000000000e+02,3.490000000000000000e+02,7.000000000000000000e+01,1.000000000000000000e+01,6.859000000000000341e+01,5.792999999999999972e+01
3.500000000000000000e+02,3.500000000000000000e+02,7.000000000000000000e+01,1.000000000000000000e+01,6.859000000000000341e+01,5.760000000000000142e+01
3.510000000000000000e+02,3.510000000000000000e+02,7.000000000000000000e+01,1.000000000000000000e+01,6.862999999999999545e+01,5.757000000000000028e+01
3.520000000000000000e+02,3.520000000000000000e+02,7.000000000000000000e+01,1.000000000000000000e+01,6.892000000000000171e+01,5.731000000000000227e+01
3.530000000000000000e+02,3.530000000000000000e+02,7.000000000000000000e+01,1.000000000000000000e+01,6.892000000000000171e+01,5.731000000000000227e+01
3.540000000000000000e+02,3.540000000000000000e+02,7.000000000000000000e+01,1.000000000000000000e+01,6.898000000000000398e+01,5.699000000000000199e+01
3.550000000000000000e+02,3.550000000000000000e+02,7.000000000000000000e+01,1.000000000000000000e+01,6.923999999999999488e+01,5.699000000000000199e+01
3.560000000000000000e+02,3.560000000000000000e+02,7.000000000000000000e+01,1.000000000000000000e+01,6.923999999999999488e+01,5.699000000000000199e+01
3.570000000000000000e+02,3.570000000000000000e+02,7.000000000000000000e+01,1.000000000000000000e+01,6.953000000000000114e+01,5.667000000000000171e+01
3.580000000000000000e+02,3.580000000000000000e+02,7.000000000000000000e+01,1.000000000000000000e+01,6.956000000000000227e+01,5.667000000000000171e+01
3.590000000000000000e+02,3.590000000000000000e+02,7.000000000000000000e+01,1.000000000000000000e+01,6.959000000000000341e+01,5.677000000000000313e+01
3.600000000000000000e+02,3.600000000000000000e+02,7.000000000000000000e+01,1.000000000000000000e+01,6.981999999999999318e+01,5.635000000000000142e+01
3.610000000000000000e+02,3.610000000000000000e+02,7.000000000000000000e+01,1.000000000000000000e+01,6.987999999999999545e+01,5.650999999999999801e+01
3.620000000000000000e+02,3.620000000000000000e+02,7.000000000000000000e+01,1.000000000000000000e+01,7.001000000000000512e+01,5.647999999999999687e+01
3.630000000000000000e+02,3.630000000000000000e+02,7.000000000000000000e+01,1.000000000000000000e+01,7.020999999999999375e+01,5.606000000000000227e+01
3.640000000000000000e+02,3.640000000000000000e+02,7.000000000000000000e+01,1.000000000000000000e+01,7.023999999999999488e+01,5.599000000000000199e+01
3.650000000000000000e+02,3.650000000000000000e+02,7.000000000000000000e+01,1.000000000000000000e+01,7.045999999999999375e+01,5.585999999999999943e+01
3.660000000000000000e+02,3.660000000000000000e+02,7.000000000000000000e+01,1.000000000000000000e+01,7.053000000000000114e+01,5.570000000000000284e+01
3.670000000000000000e+02,3.670000000000000000e+02,7.000000000000000000e+01,1.000000000000000000e+01,7.056000000000000227e+01,5.582999999999999829e+01
3.680000000000000000e+02,3.680000000000000000e+02,7.000000000000000000e+01,1.000000000000000000e+01,7.084999999999999432e+01,5.550999999999999801e+01
3.690000000000000000e+02,3.690000000000000000e+02,7.000000000000000000e+01,1.000000000000000000e+01,7.084999999999999432e+01,5.538000000000000256e+01
3.700000000000000000e+02,3.700000000000000000e+02,7.000000000000000000e+01,1.000000000000000000e+01,7.117000000000000171e+01,5.538000000000000256e+01
3.710000000000000000e+02,3.710000000000000000e+02,7.000000000000000000e+01,1.000000000000000000e+01,7.117000000000000171e+01,5.506000000000000227e+01
3.720000000000000000e+02,3.720000000000000000e+02,7.000000000000000000e+01,1.000000000000000000e+01,7.117000000000000171e+01,5.506000000000000227e+01
3.730000000000000000e+02,3.730000000000000000e+02,7.000000000000000000e+01,1.000000000000000000e+01,7.140000000000000568e+01,5.509000000000000341e+01
3.740000000000000000e+02,3.740000000000000000e+02,7.000000000000000000e+01,1.000000000000000000e+01,7.148999999999999488e+01,5.474000000000000199e+01
3.750000000000000000e+02,3.750000000000000000e+02,7.000000000000000000e+01,1.000000000000000000e+01,7.148999999999999488e+01,5.470000000000000284e+01
3.760000000000000000e+02,3.760000000000000000e+02,7.000000000000000000e+01,1.000000000000000000e+01,7.178000000000000114e+01,5.474000000000000199e+01
3.770000000000000000e+02,3.770000000000000000e+02,7.000000000000000000e+01,1.000000000000000000e+01,7.181999999999999318e+01,5.457999999999999829e+01
3.780000000000000000e+02,3.780000000000000000e+02,7.000000000000000000e+01,1.000000000000000000e+01,7.181999999999999318e+01,5.435000000000000142e+01
3.790000000000000000e+02,3.790000000000000000e+02,7.000000000000000000e+01,1.000000000000000000e+01,7.206999999999999318e+01,5.428999999999999915e+01
3.800000000000000000e+02,3.800000000000000000e+02,7.000000000000000000e+01,1.000000000000000000e+01,7.214000000000000057e+01,5.411999999999999744e+01
3.810000000000000000e+02,3.810000000000000000e+02,7.000000000000000000e+01,1.000000000000000000e+01,7.214000000000000057e+01,5.421999999999999886e+01
3.820000000000000000e+02,3.820000000000000000e+02,7.000000000000000000e+01,1.000000000000000000e+01,7.214000000000000057e+01,5.396000000000000085e+01
3.830000000000000000e+02,3.830000000000000000e+02,7.000000000000000000e+01,1.000000000000000000e+01,7.217000000000000171e+01,5.377000000000000313e+01
3.840000000000000000e+02,3.840000000000000000e+02,7.000000000000000000e+01,1.000000000000000000e+01,7.245999999999999375e+01,5.371000000000000085e+01
3.850000000000000000e+02,3.850000000000000000e+02,7.000000000000000000e+01,1.000000000000000000e+01,7.245999999999999375e+01,5.360999999999999943e+01
3.860000000000000000e+02,3.860000000000000000e+02,7.000000000000000000e+01,1.000000000000000000e+01,7.245999999999999375e+01,5.357999999999999829e+01
3.870000000000000000e+02,3.870000000000000000e+02,7.000000000000000000e+01,1.000000000000000000e+01,7.259000000000000341e+01,5.313000000000000256e+01
3.880000000000000000e+02,3.880000000000000000e+02,7.000000000000000000e+01,1.000000000000000000e+01,7.278000000000000114e+01,5.325000000000000000e+01
3.890000000000000000e+02,3.890000000000000000e+02,7.000000000000000000e+01,1.000000000000000000e+01,7.278000000000000114e+01,5.321999999999999886e+01
3.900000000000000000e+02,3.900000000000000000e+02,7.000000000000000000e+01,1.000000000000000000e+01,7.278000000000000114e+01,5.282999999999999829e+01
3.910000000000000000e+02,3.910000000000000000e+02,7.000000000000000000e+01,1.000000000000000000e+01,7.290999999999999659e+01,5.279999999999999716e+01
3.920000000000000000e+02,3.920000000000000000e+02,7.000000000000000000e+01,1.000000000000000000e+01,7.304000000000000625e+01,5.289999999999999858e+01
3.930000000000000000e+02,3.930000000000000000e+02,7.000000000000000000e+01,1.000000000000000000e+01,7.310999999999999943e+01,5.277000000000000313e+01
3.940000000000000000e+02,3.940000000000000000e+02,7.000000000000000000e+01,1.000000000000000000e+01,7.310999999999999943e+01,5.264000000000000057e+01
3.950000000000000000e+02,3.950000000000000000e+02,7.000000000000000000e+01,1.000000000000000000e+01,7.329999999999999716e+01,5.245000000000000284e+01
3.960000000000000000e+02,3.960000000000000000e+02,7.000000000000000000e+01,1.000000000000000000e+01,7.340000000000000568e+01,5.232000000000000028e+01
3.970000000000000000e+02,3.970000000000000000e+02,7.000000000000000000e+01,1.000000000000000000e+01,7.343000000000000682e+01,5.215999999999999659e+01
3.980000000000000000e+02,3.980000000000000000e+02,7.000000000000000000e+01,1.000000000000000000e+01,7.343000000000000682e+01,5.225000000000000000e+01
3.990000000000000000e+02,3.990000000000000000e+02,7.000000000000000000e+01,1.000000000000000000e+01,7.359000000000000341e+01,5.192999999999999972e+01
4.000000000000000000e+02,4.000000000000000000e+02,5.000000000000000000e+01,1.000000000000000000e+01,7.368999999999999773e+01,5.196000000000000085e+01
4.010000000000000000e+02,4.010000000000000000e+02,5.000000000000000000e+01,1.000000000000000000e+01,7.375000000000000000e+01,5.184000000000000341e+01
4.020000000000000000e+02,4.020000000000000000e+02,5.000000000000000000e+01,1.000000000000000000e+01,7.375000000000000000e+01,5.164000000000000057e+01
4.030000000000000000e+02,4.030000000000000000e+02,5.000000000000000000e+01,1.000000000000000000e+01,7.375000000000000000e+01,5.164000000000000057e+01
4.040000000000000000e+02,4.040000000000000000e+02,5.000000000000000000e+01,1.000000000000000000e+01,7.375000000000000000e+01,5.150999999999999801e+01
4.050000000000000000e+02,4.050000000000000000e+02,5.000000000000000000e+01,1.000000000000000000e+01,7.375000000000000000e+01,5.125999999999999801e+01
4.060000000000000000e+02,4.060000000000000000e+02,5.000000000000000000e+01,1.000000000000000000e+01,7.393999999999999773e+01,5.118999999999999773e+01
4.070000000000000000e+02,4.070000000000000000e+02,5.000000000000000000e+01,1.000000000000000000e+01,7.406999999999999318e+01,5.132000000000000028e+01
4.080000000000000000e+02,4.080000000000000000e+02,5.000000000000000000e+01,1.000000000000000000e+01,7.406999999999999318e+01,5.103000000000000114e+01
4.090000000000000000e+02,4.090000000000000000e+02,5.000000000000000000e+01,1.000000000000000000e+01,7.406999999999999318e+01,5.086999999999999744e+01
4.100000000000000000e+02,4.100000000000000000e+02,5.000000000000000000e+01,1.000000000000000000e+01,7.406999999999999318e+01,5.086999999999999744e+01
4.110000000000000000e+02,4.110000000000000000e+02,5.000000000000000000e+01,1.000000000000000000e+01,7.406999999999999318e+01,5.084000000000000341e+01
4.120000000000000000e+02,4.120000000000000000e+02,5.000000000000000000e+01,1.000000000000000000e+01,7.414000000000000057e+01,5.071000000000000085e+01
4.130000000000000000e+02,4.130000000000000000e+02,5.000000000000000000e+01,1.000000000000000000e+01,7.420000000000000284e+01,5.054999999999999716e+01
4.140000000000000000e+02,4.140000000000000000e+02,5.000000000000000000e+01,1.000000000000000000e+01,7.435999999999999943e+01,5.047999999999999687e+01
4.150000000000000000e+02,4.150000000000000000e+02,5.000000000000000000e+01,1.000000000000000000e+01,7.423000000000000398e+01,5.039000000000000057e+01
4.160000000000000000e+02,4.160000000000000000e+02,5.000000000000000000e+01,1.000000000000000000e+01,7.417000000000000171e+01,5.021999999999999886e+01
4.170000000000000000e+02,4.170000000000000000e+02,5.000000000000000000e+01,1.000000000000000000e+01,7.426999999999999602e+01,5.021999999999999886e+01
4.180000000000000000e+02,4.180000000000000000e+02,5.000000000000000000e+01,1.000000000000000000e+01,7.423000000000000398e+01,5.003000000000000114e+01
4.190000000000000000e+02,4.190000000000000000e+02,5.000000000000000000e+01,1.000000000000000000e+01,7.417000000000000171e+01,4.989999999999999858e+01
4.200000000000000000e+02,4.200000000000000000e+02,5.000000000000000000e+01,1.000000000000000000e+01,7.423000000000000398e+01,5.003000000000000114e+01
4.210000000000000000e+02,4.210000000000000000e+02,5.000000000000000000e+01,1.000000000000000000e+01,7.417000000000000171e+01,4.984000000000000341e+01
4.220000000000000000e+02,4.220000000000000000e+02,5.000000000000000000e+01,1.000000000000000000e+01,7.417000000000000171e+01,4.960999999999999943e+01
4.230000000000000000e+02,4.230000000000000000e+02,5.000000000000000000e+01,1.000000000000000000e+01,7.420000000000000284e+01,4.957999999999999829e+01
4.240000000000000000e+02,4.240000000000000000e+02,5.000000000000000000e+01,1.000000000000000000e+01,7.406999999999999318e+01,4.952000000000000313e+01
4.250000000000000000e+02,4.250000000000000000e+02,5.000000000000000000e+01,1.000000000000000000e+01,7.406999999999999318e+01,4.945000000000000284e+01
4.260000000000000000e+02,4.260000000000000000e+02,5.000000000000000000e+01,1.000000000000000000e+01,7.406999999999999318e+01,4.942000000000000171e+01
4.270000000000000000e+02,4.270000000000000000e+02,5.000000000000000000e+01,1.000000000000000000e+01,7.406999999999999318e+01,4.939000000000000057e+01
4.280000000000000000e+02,4.280000000000000000e+02,5.000000000000000000e+01,1.000000000000000000e+01,7.401000000000000512e+01,4.915999999999999659e+01
4.290000000000000000e+02,4.290000000000000000e+02,5.000000000000000000e+01,1.000000000000000000e+01,7.393999999999999773e+01,4.893999999999999773e+01
4.300000000000000000e+02,4.300000000000000000e+02,5.000000000000000000e+01,1.000000000000000000e+01,7.398000000000000398e+01,4.893999999999999773e+01
4.310000000000000000e+02,4.310000000000000000e+02,5.000000000000000000e+01,1.000000000000000000e+01,7.384999999999999432e+01,4.893999999999999773e+01
4.320000000000000000e+02,4.320000000000000000e+02,5.000000000000000000e+01,1.000000000000000000e+01,7.387999999999999545e+01,4.877000000000000313e+01
4.330000000000000000e+02,4.330000000000000000e+02,5.000000000000000000e+01,1.000000000000000000e+01,7.375000000000000000e+01,4.860999999999999943e+01
4.340000000000000000e+02,4.340000000000000000e+02,5.000000000000000000e+01,1.000000000000000000e+01,7.375000000000000000e+01,4.860999999999999943e+01
4.350000000000000000e+02,4.350000000000000000e+02,5.000000000000000000e+01,1.000000000000000000e+01,7.375000000000000000e+01,4.860999999999999943e+01
4.360000000000000000e+02,4.360000000000000000e+02,5.000000000000000000e+01,1.000000000000000000e+01,7.375000000000000000e+01,4.860999999999999943e+01
4.370000000000000000e+02,4.370000000000000000e+02,5.000000000000000000e+01,1.000000000000000000e+01,7.368999999999999773e+01,4.852000000000000313e+01
4.380000000000000000e+02,4.380000000000000000e+02,5.000000000000000000e+01,1.000000000000000000e+01,7.343000000000000682e+01,4.832000000000000028e+01
4.390000000000000000e+02,4.390000000000000000e+02,5.000000000000000000e+01,1.000000000000000000e+01,7.343000000000000682e+01,4.828999999999999915e+01
4.400000000000000000e+02,4.400000000000000000e+02,5.000000000000000000e+01,1.000000000000000000e+01,7.343000000000000682e+01,4.828999999999999915e+01
4.410000000000000000e+02,4.410000000000000000e+02,5.000000000000000000e+01,1.000000000000000000e+01,7.335999999999999943e+01,4.803000000000000114e+01
4.420000000000000000e+02,4.420000000000000000e+02,5.000000000000000000e+01,1.000000000000000000e+01,7.314000000000000057e+01,4.810000000000000142e+01
4.430000000000000000e+02,4.430000000000000000e+02,5.000000000000000000e+01,1.000000000000000000e+01,7.310999999999999943e+01,4.796999999999999886e+01
4.440000000000000000e+02,4.440000000000000000e+02,5.000000000000000000e+01,1.000000000000000000e+01,7.310999999999999943e+01,4.784000000000000341e+01
4.450000000000000000e+02,4.450000000000000000e+02,5.000000000000000000e+01,1.000000000000000000e+01,7.310999999999999943e+01,4.764999999999999858e+01
4.460000000000000000e+02,4.460000000000000000e+02,5.000000000000000000e+01,1.000000000000000000e+01,7.310999999999999943e+01,4.764999999999999858e+01
4.470000000000000000e+02,4.470000000000000000e+02,5.000000000000000000e+01,1.000000000000000000e+01,7.310999999999999943e+01,4.764999999999999858e+01
4.480000000000000000e+02,4.480000000000000000e+02,5.000000000000000000e+01,1.000000000000000000e+01,7.310999999999999943e+01,4.767999999999999972e+01
4.490000000000000000e+02,4.490000000000000000e+02,5.000000000000000000e+01,1.000000000000000000e+01,7.310999999999999943e+01,4.739000000000000057e+01
4.500000000000000000e+02,4.500000000000000000e+02,5.000000000000000000e+01,1.000000000000000000e+01,7.310999999999999943e+01,4.749000000000000199e+01
4.510000000000000000e+02,4.510000000000000000e+02,5.000000000000000000e+01,1.000000000000000000e+01,7.281999999999999318e+01,4.732000000000000028e+01
4.520000000000000000e+02,4.520000000000000000e+02,5.000000000000000000e+01,1.000000000000000000e+01,7.278000000000000114e+01,4.715999999999999659e+01
4.530000000000000000e+02,4.530000000000000000e+02,5.000000000000000000e+01,1.000000000000000000e+01,7.278000000000000114e+01,4.700000000000000000e+01
4.540000000000000000e+02,4.540000000000000000e+02,5.000000000000000000e+01,1.000000000000000000e+01,7.278000000000000114e+01,4.713000000000000256e+01
4.550000000000000000e+02,4.550000000000000000e+02,5.000000000000000000e+01,1.000000000000000000e+01,7.278000000000000114e+01,4.700000000000000000e+01
4.560000000000000000e+02,4.560000000000000000e+02,5.000000000000000000e+01,1.000000000000000000e+01,7.275000000000000000e+01,4.696999999999999886e+01
4.570000000000000000e+02,4.570000000000000000e+02,5.000000000000000000e+01,1.000000000000000000e+01,7.248999999999999488e+01,4.690999999999999659e+01
4.580000000000000000e+02,4.580000000000000000e+02,5.000000000000000000e+01,1.000000000000000000e+01,7.245999999999999375e+01,4.681000000000000227e+01
4.590000000000000000e+02,4.590000000000000000e+02,5.000000000000000000e+01,1.000000000000000000e+01,7.245999999999999375e+01,4.681000000000000227e+01
4.600000000000000000e+02,4.600000000000000000e+02,5.000000000000000000e+01,1.000000000000000000e+01,7.245999999999999375e+01,4.681000000000000227e+01
4.610000000000000000e+02,4.610000000000000000e+02,5.000000000000000000e+01,1.000000000000000000e+01,7.245999999999999375e+01,4.681000000000000227e+01
4.620000000000000000e+02,4.620000000000000000e+02,5.000000000000000000e+01,1.000000000000000000e+01,7.245999999999999375e+01,4.667999999999999972e+01
4.630000000000000000e+02,4.630000000000000000e+02,5.000000000000000000e+01,1.000000000000000000e+01,7.243000000000000682e+01,4.639000000000000057e+01
4.640000000000000000e+02,4.640000000000000000e+02,5.000000000000000000e+01,1.000000000000000000e+01,7.235999999999999943e+01,4.652000000000000313e+01
4.650000000000000000e+02,4.650000000000000000e+02,5.000000000000000000e+01,1.000000000000000000e+01,7.232999999999999829e+01,4.635999999999999943e+01
4.660000000000000000e+02,4.660000000000000000e+02,5.000000000000000000e+01,1.000000000000000000e+01,7.214000000000000057e+01,4.635999999999999943e+01
4.670000000000000000e+02,4.670000000000000000e+02,5.000000000000000000e+01,1.000000000000000000e+01,7.214000000000000057e+01,4.635999999999999943e+01
4.680000000000000000e+02,4.680000000000000000e+02,5.000000000000000000e+01,1.000000000000000000e+01,7.226999999999999602e+01,4.635999999999999943e+01
4.690000000000000000e+02,4.690000000000000000e+02,5.000000000000000000e+01,1.000000000000000000e+01,7.214000000000000057e+01,4.632999999999999829e+01
4.700000000000000000e+02,4.700000000000000000e+02,5.000000000000000000e+01,1.000000000000000000e+01,7.214000000000000057e+01,4.625999999999999801e+01
4.710000000000000000e+02,4.710000000000000000e+02,5.000000000000000000e+01,1.000000000000000000e+01,7.214000000000000057e+01,4.607000000000000028e+01
4.720000000000000000e+02,4.720000000000000000e+02,5.000000000000000000e+01,1.000000000000000000e+01,7.214000000000000057e+01,4.607000000000000028e+01
4.730000000000000000e+02,4.730000000000000000e+02,5.000000000000000000e+01,1.000000000000000000e+01,7.214000000000000057e+01,4.603999999999999915e+01
4.740000000000000000e+02,4.740000000000000000e+02,5.000000000000000000e+01,1.000000000000000000e+01,7.214000000000000057e+01,4.596999999999999886e+01
4.750000000000000000e+02,4.750000000000000000e+02,5.000000000000000000e+01,1.000000000000000000e+01,7.214000000000000057e+01,4.596999999999999886e+01
4.760000000000000000e+02,4.760000000000000000e+02,5.000000000000000000e+01,1.000000000000000000e+01,7.214000000000000057e+01,4.584000000000000341e+01
4.770000000000000000e+02,4.770000000000000000e+02,5.000000000000000000e+01,1.000000000000000000e+01,7.214000000000000057e+01,4.571000000000000085e+01
4.780000000000000000e+02,4.780000000000000000e+02,5.000000000000000000e+01,1.000000000000000000e+01,7.204000000000000625e+01,4.584000000000000341e+01
4.790000000000000000e+02,4.790000000000000000e+02,5.000000000000000000e+01,1.000000000000000000e+01,7.181999999999999318e+01,4.567999999999999972e+01
4.800000000000000000e+02,4.800000000000000000e+02,5.000000000000000000e+01,1.000000000000000000e+01,7.184999999999999432e+01,4.554999999999999716e+01
4.810000000000000000e+02,4.810000000000000000e+02,5.000000000000000000e+01,1.000000000000000000e+01,7.181999999999999318e+01,4.554999999999999716e+01
4.820000000000000000e+02,4.820000000000000000e+02,5.000000000000000000e+01,1.000000000000000000e+01,7.181999999999999318e+01,4.539000000000000057e+01
4.830000000000000000e+02,4.830000000000000000e+02,5.000000000000000000e+01,1.000000000000000000e+01,7.181999999999999318e+01,4.539000000000000057e+01
4.840000000000000000e+02,4.840000000000000000e+02,5.000000000000000000e+01,1.000000000000000000e+01,7.181999999999999318e+01,4.552000000000000313e+01
4.850000000000000000e+02,4.850000000000000000e+02,5.000000000000000000e+01,1.000000000000000000e+01,7.181999999999999318e+01,4.539000000000000057e+01
4.860000000000000000e+02,4.860000000000000000e+02,5.000000000000000000e+01,1.000000000000000000e+01,7.162000000000000455e+01,4.520000000000000284e+01
4.870000000000000000e+02,4.870000000000000000e+02,5.000000000000000000e+01,1.000000000000000000e+01,7.153000000000000114e+01,4.520000000000000284e+01
4.880000000000000000e+02,4.880000000000000000e+02,5.000000000000000000e+01,1.000000000000000000e+01,7.148999999999999488e+01,4.507000000000000028e+01
4.890000000000000000e+02,4.890000000000000000e+02,5.000000000000000000e+01,1.000000000000000000e+01,7.153000000000000114e+01,4.507000000000000028e+01
4.900000000000000000e+02,4.900000000000000000e+02,5.000000000000000000e+01,1.000000000000000000e+01,7.148999999999999488e+01,4.517000000000000171e+01
4.910000000000000000e+02,4.910000000000000000e+02,5.000000000000000000e+01,1.000000000000000000e+01,7.148999999999999488e+01,4.493999999999999773e+01
4.920000000000000000e+02,4.920000000000000000e+02,5.000000000000000000e+01,1.000000000000000000e+01,7.148999999999999488e+01,4.488000000000000256e+01
4.930000000000000000e+02,4.930000000000000000e+02,5.000000000000000000e+01,1.000000000000000000e+01,7.123999999999999488e+01,4.475000000000000000e+01
4.940000000000000000e+02,4.940000000000000000e+02,5.000000000000000000e+01,1.000000000000000000e+01,7.117000000000000171e+01,4.475000000000000000e+01
4.950000000000000000e+02,4.950000000000000000e+02,5.000000000000000000e+01,1.000000000000000000e+01,7.117000000000000171e+01,4.475000000000000000e+01
4.960000000000000000e+02,4.960000000000000000e+02,5.000000000000000000e+01,1.000000000000000000e+01,7.117000000000000171e+01,4.452000000000000313e+01
4.970000000000000000e+02,4.970000000000000000e+02,5.000000000000000000e+01,1.000000000000000000e+01,7.117000000000000171e+01,4.457999999999999829e+01
4.980000000000000000e+02,4.980000000000000000e+02,5.000000000000000000e+01,1.000000000000000000e+01,7.107999999999999829e+01,4.442000000000000171e+01
4.990000000000000000e+02,4.990000000000000000e+02,5.000000000000000000e+01,1.000000000000000000e+01,7.090999999999999659e+01,4.439000000000000057e+01
5.000000000000000000e+02,5.000000000000000000e+02,5.000000000000000000e+01,1.000000000000000000e+01,7.090999999999999659e+01,4.413000000000000256e+01
5.010000000000000000e+02,5.010000000000000000e+02,5.000000000000000000e+01,1.000000000000000000e+01,7.084999999999999432e+01,4.410000000000000142e+01
5.020000000000000000e+02,5.020000000000000000e+02,5.000000000000000000e+01,1.000000000000000000e+01,7.084999999999999432e+01,4.410000000000000142e+01
5.030000000000000000e+02,5.030000000000000000e+02,5.000000000000000000e+01,1.000000000000000000e+01,7.084999999999999432e+01,4.410000000000000142e+01
5.040000000000000000e+02,5.040000000000000000e+02,5.000000000000000000e+01,1.000000000000000000e+01,7.084999999999999432e+01,4.410000000000000142e+01
5.050000000000000000e+02,5.050000000000000000e+02,5.000000000000000000e+01,1.000000000000000000e+01,7.081999999999999318e+01,4.410000000000000142e+01
5.060000000000000000e+02,5.060000000000000000e+02,5.000000000000000000e+01,1.000000000000000000e+01,7.084999999999999432e+01,4.410000000000000142e+01
5.070000000000000000e+02,5.070000000000000000e+02,5.000000000000000000e+01,1.000000000000000000e+01,7.081999999999999318e+01,4.400000000000000000e+01
5.080000000000000000e+02,5.080000000000000000e+02,5.000000000000000000e+01,1.000000000000000000e+01,7.071999999999999886e+01,4.393999999999999773e+01
5.090000000000000000e+02,5.090000000000000000e+02,5.000000000000000000e+01,1.000000000000000000e+01,7.056000000000000227e+01,4.390999999999999659e+01
5.100000000000000000e+02,5.100000000000000000e+02,5.000000000000000000e+01,1.000000000000000000e+01,7.053000000000000114e+01,4.390999999999999659e+01
5.110000000000000000e+02,5.110000000000000000e+02,5.000000000000000000e+01,1.000000000000000000e+01,7.053000000000000114e+01,4.390999999999999659e+01
5.120000000000000000e+02,5.120000000000000000e+02,5.000000000000000000e+01,1.000000000000000000e+01,7.053000000000000114e+01,4.390999999999999659e+01
5.130000000000000000e+02,5.130000000000000000e+02,5.000000000000000000e+01,1.000000000000000000e+01,7.053000000000000114e+01,4.390999999999999659e+01
5.140000000000000000e+02,5.140000000000000000e+02,5.000000000000000000e+01,1.000000000000000000e+01,7.053000000000000114e+01,4.364999999999999858e+01
5.150000000000000000e+02,5.150000000000000000e+02,5.000000000000000000e+01,1.000000000000000000e+01,7.053000000000000114e+01,4.364999999999999858e+01
5.160000000000000000e+02,5.160000000000000000e+02,5.000000000000000000e+01,1.000000000000000000e+01,7.053000000000000114e+01,4.361999999999999744e+01
5.170000000000000000e+02,5.170000000000000000e+02,5.000000000000000000e+01,1.000000000000000000e+01,7.053000000000000114e+01,4.346000000000000085e+01
5.180000000000000000e+02,5.180000000000000000e+02,5.000000000000000000e+01,1.000000000000000000e+01,7.053000000000000114e+01,4.346000000000000085e+01
5.190000000000000000e+02,5.190000000000000000e+02,5.000000000000000000e+01,1.000000000000000000e+01,7.053000000000000114e+01,4.346000000000000085e+01
5.200000000000000000e+02,5.200000000000000000e+02,5.000000000000000000e+01,8.000000000000000000e+01,7.053000000000000114e+01,4.346000000000000085e+01
5.210000000000000000e+02,5.210000000000000000e+02,5.000000000000000000e+01,8.000000000000000000e+01,7.053000000000000114e+01,4.359000000000000341e+01
5.220000000000000000e+02,5.220000000000000000e+02,5.000000000000000000e+01,8.000000000000000000e+01,7.043000000000000682e+01,4.346000000000000085e+01
5.230000000000000000e+02,5.230000000000000000e+02,5.000000000000000000e+01,8.000000000000000000e+01,7.020999999999999375e+01,4.367999999999999972e+01
5.240000000000000000e+02,5.240000000000000000e+02,5.000000000000000000e+01,8.000000000000000000e+01,7.020999999999999375e+01,4.364999999999999858e+01
5.250000000000000000e+02,5.250000000000000000e+02,5.000000000000000000e+01,8.000000000000000000e+01,7.020999999999999375e+01,4.352000000000000313e+01
5.260000000000000000e+02,5.260000000000000000e+02,5.000000000000000000e+01,8.000000000000000000e+01,7.020999999999999375e+01,4.352000000000000313e+01
5.270000000000000000e+02,5.270000000000000000e+02,5.000000000000000000e+01,8.000000000000000000e+01,7.017000000000000171e+01,4.352000000000000313e+01
5.280000000000000000e+02,5.280000000000000000e+02,5.000000000000000000e+01,8.000000000000000000e+01,7.017000000000000171e+01,4.364999999999999858e+01
5.290000000000000000e+02,5.290000000000000000e+02,5.000000000000000000e+01,8.000000000000000000e+01,7.017000000000000171e+01,4.352000000000000313e+01
5.300000000000000000e+02,5.300000000000000000e+02,5.000000000000000000e+01,8.000000000000000000e+01,7.001000000000000512e+01,4.352000000000000313e+01
5.310000000000000000e+02,5.310000000000000000e+02,5.000000000000000000e+01,8.000000000000000000e+01,6.995000000000000284e+01,4.390999999999999659e+01
5.320000000000000000e+02,5.320000000000000000e+02,5.000000000000000000e+01,8.000000000000000000e+01,6.987999999999999545e+01,4.393999999999999773e+01
5.330000000000000000e+02,5.330000000000000000e+02,5.000000000000000000e+01,8.000000000000000000e+01,6.987999999999999545e+01,4.396999999999999886e+01
5.340000000000000000e+02,5.340000000000000000e+02,5.000000000000000000e+01,8.000000000000000000e+01,6.987999999999999545e+01,4.371000000000000085e+01
5.350000000000000000e+02,5.350000000000000000e+02,5.000000000000000000e+01,8.000000000000000000e+01,6.987999999999999545e+01,4.384000000000000341e+01
5.360000000000000000e+02,5.360000000000000000e+02,5.000000000000000000e+01,8.000000000000000000e+01,6.987999999999999545e+01,4.407000000000000028e+01
5.370000000000000000e+02,5.370000000000000000e+02,5.000000000000000000e+01,8.000000000000000000e+01,6.981999999999999318e+01,4.425999999999999801e+01
5.380000000000000000e+02,5.380000000000000000e+02,5.000000000000000000e+01,8.000000000000000000e+01,6.962000000000000455e+01,4.388000000000000256e+01
5.390000000000000000e+02,5.390000000000000000e+02,5.000000000000000000e+01,8.000000000000000000e+01,6.971999999999999886e+01,4.420000000000000284e+01
5.400000000000000000e+02,5.400000000000000000e+02,5.000000000000000000e+01,8.000000000000000000e+01,6.965999999999999659e+01,4.432999999999999829e+01
5.410000000000000000e+02,5.410000000000000000e+02,5.000000000000000000e+01,8.000000000000000000e+01,6.965999999999999659e+01,4.432999999999999829e+01
5.420000000000000000e+02,5.420000000000000000e+02,5.000000000000000000e+01,8.000000000000000000e+01,6.956000000000000227e+01,4.461999999999999744e+01
5.430000000000000000e+02,5.430000000000000000e+02,5.000000000000000000e+01,8.000000000000000000e+01,6.956000000000000227e+01,4.475000000000000000e+01
5.440000000000000000e+02,5.440000000000000000e+02,5.000000000000000000e+01,8.000000000000000000e+01,6.956000000000000227e+01,4.488000000000000256e+01
5.450000000000000000e+02,5.450000000000000000e+02,5.000000000000000000e+01,8.000000000000000000e+01,6.956000000000000227e+01,4.493999999999999773e+01
5.460000000000000000e+02,5.460000000000000000e+02,5.000000000000000000e+01,8.000000000000000000e+01,6.956000000000000227e+01,4.503999999999999915e+01
5.470000000000000000e+02,5.470000000000000000e+02,5.000000000000000000e+01,8.000000000000000000e+01,6.953000000000000114e+01,4.513000000000000256e+01
5.480000000000000000e+02,5.480000000000000000e+02,5.000000000000000000e+01,8.000000000000000000e+01,6.956000000000000227e+01,4.525999999999999801e+01
5.490000000000000000e+02,5.490000000000000000e+02,5.000000000000000000e+01,8.000000000000000000e+01,6.953000000000000114e+01,4.507000000000000028e+01
5.500000000000000000e+02,5.500000000000000000e+02,5.000000000000000000e+01,8.000000000000000000e+01,6.950000000000000000e+01,4.552000000000000313e+01
5.510000000000000000e+02,5.510000000000000000e+02,5.000000000000000000e+01,8.000000000000000000e+01,6.943000000000000682e+01,4.532999999999999829e+01
5.520000000000000000e+02,5.520000000000000000e+02,5.000000000000000000e+01,8.000000000000000000e+01,6.923999999999999488e+01,4.542000000000000171e+01
5.530000000000000000e+02,5.530000000000000000e+02,5.000000000000000000e+01,8.000000000000000000e+01,6.923999999999999488e+01,4.590999999999999659e+01
5.540000000000000000e+02,5.540000000000000000e+02,5.000000000000000000e+01,8.000000000000000000e+01,6.923999999999999488e+01,4.578000000000000114e+01
5.550000000000000000e+02,5.550000000000000000e+02,5.000000000000000000e+01,8.000000000000000000e+01,6.923999999999999488e+01,4.613000000000000256e+01
5.560000000000000000e+02,5.560000000000000000e+02,5.000000000000000000e+01,8.000000000000000000e+01,6.923999999999999488e+01,4.622999999999999687e+01
5.570000000000000000e+02,5.570000000000000000e+02,5.000000000000000000e+01,8.000000000000000000e+01,6.923999999999999488e+01,4.628999999999999915e+01
5.580000000000000000e+02,5.580000000000000000e+02,5.000000000000000000e+01,8.000000000000000000e+01,6.923999999999999488e+01,4.639000000000000057e+01
5.590000000000000000e+02,5.590000000000000000e+02,5.000000000000000000e+01,8.000000000000000000e+01,6.923999999999999488e+01,4.654999999999999716e+01
5.600000000000000000e+02,5.600000000000000000e+02,5.000000000000000000e+01,8.000000000000000000e+01,6.923999999999999488e+01,4.654999999999999716e+01
5.610000000000000000e+02,5.610000000000000000e+02,5.000000000000000000e+01,8.000000000000000000e+01,6.923999999999999488e+01,4.635999999999999943e+01
5.620000000000000000e+02,5.620000000000000000e+02,5.000000000000000000e+01,8.000000000000000000e+01,6.923999999999999488e+01,4.686999999999999744e+01
5.630000000000000000e+02,5.630000000000000000e+02,5.000000000000000000e+01,8.000000000000000000e+01,6.917000000000000171e+01,4.686999999999999744e+01
5.640000000000000000e+02,5.640000000000000000e+02,5.000000000000000000e+01,8.000000000000000000e+01,6.917000000000000171e+01,4.710000000000000142e+01
5.650000000000000000e+02,5.650000000000000000e+02,5.000000000000000000e+01,8.000000000000000000e+01,6.907999999999999829e+01,4.715999999999999659e+01
5.660000000000000000e+02,5.660000000000000000e+02,5.000000000000000000e+01,8.000000000000000000e+01,6.895000000000000284e+01,4.722999999999999687e+01
5.670000000000000000e+02,5.670000000000000000e+02,5.000000000000000000e+01,8.000000000000000000e+01,6.892000000000000171e+01,4.728999999999999915e+01
5.680000000000000000e+02,5.680000000000000000e+02,5.000000000000000000e+01,8.000000000000000000e+01,6.892000000000000171e+01,4.752000000000000313e+01
5.690000000000000000e+02,5.690000000000000000e+02,5.000000000000000000e+01,8.000000000000000000e+01,6.892000000000000171e+01,4.732000000000000028e+01
5.700000000000000000e+02,5.700000000000000000e+02,5.000000000000000000e+01,8.000000000000000000e+01,6.892000000000000171e+01,4.767999999999999972e+01
5.710000000000000000e+02,5.710000000000000000e+02,5.000000000000000000e+01,8.000000000000000000e+01,6.892000000000000171e+01,4.745000000000000284e+01
5.720000000000000000e+02,5.720000000000000000e+02,5.000000000000000000e+01,8.000000000000000000e+01,6.892000000000000171e+01,4.789999999999999858e+01
5.730000000000000000e+02,5.730000000000000000e+02,5.000000000000000000e+01,8.000000000000000000e+01,6.892000000000000171e+01,4.796999999999999886e+01
5.740000000000000000e+02,5.740000000000000000e+02,5.000000000000000000e+01,8.000000000000000000e+01,6.892000000000000171e+01,4.786999999999999744e+01
5.750000000000000000e+02,5.750000000000000000e+02,5.000000000000000000e+01,8.000000000000000000e+01,6.892000000000000171e+01,4.789999999999999858e+01
5.760000000000000000e+02,5.760000000000000000e+02,5.000000000000000000e+01,8.000000000000000000e+01,6.892000000000000171e+01,4.818999999999999773e+01
5.770000000000000000e+02,5.770000000000000000e+02,5.000000000000000000e+01,8.000000000000000000e+01,6.892000000000000171e+01,4.818999999999999773e+01
5.780000000000000000e+02,5.780000000000000000e+02,5.000000000000000000e+01,8.000000000000000000e+01,6.892000000000000171e+01,4.847999999999999687e+01
5.790000000000000000e+02,5.790000000000000000e+02,5.000000000000000000e+01,8.000000000000000000e+01,6.895000000000000284e+01,4.842000000000000171e+01
5.800000000000000000e+02,5.800000000000000000e+02,5.000000000000000000e+01,8.000000000000000000e+01,6.892000000000000171e+01,4.881000000000000227e+01
5.810000000000000000e+02,5.810000000000000000e+02,5.000000000000000000e+01,8.000000000000000000e+01,6.892000000000000171e+01,4.884000000000000341e+01
5.820000000000000000e+02,5.820000000000000000e+02,5.000000000000000000e+01,8.000000000000000000e+01,6.892000000000000171e+01,4.886999999999999744e+01
5.830000000000000000e+02,5.830000000000000000e+02,5.000000000000000000e+01,8.000000000000000000e+01,6.892000000000000171e+01,4.886999999999999744e+01
5.840000000000000000e+02,5.840000000000000000e+02,5.000000000000000000e+01,8.000000000000000000e+01,6.892000000000000171e+01,4.889999999999999858e+01
5.850000000000000000e+02,5.850000000000000000e+02,5.000000000000000000e+01,8.000000000000000000e+01,6.892000000000000171e+01,4.932000000000000028e+01
5.860000000000000000e+02,5.860000000000000000e+02,5.000000000000000000e+01,8.000000000000000000e+01,6.892000000000000171e+01,4.903000000000000114e+01
5.870000000000000000e+02,5.870000000000000000e+02,5.000000000000000000e+01,8.000000000000000000e+01,6.892000000000000171e+01,4.925999999999999801e+01
5.880000000000000000e+02,5.880000000000000000e+02,5.000000000000000000e+01,8.000000000000000000e+01,6.892000000000000171e+01,4.960999999999999943e+01
5.890000000000000000e+02,5.890000000000000000e+02,5.000000000000000000e+01,8.000000000000000000e+01,6.892000000000000171e+01,4.964000000000000057e+01
5.900000000000000000e+02,5.900000000000000000e+02,5.000000000000000000e+01,8.000000000000000000e+01,6.892000000000000171e+01,4.984000000000000341e+01
5.910000000000000000e+02,5.910000000000000000e+02,5.000000000000000000e+01,8.000000000000000000e+01,6.892000000000000171e+01,4.974000000000000199e+01
5.920000000000000000e+02,5.920000000000000000e+02,5.000000000000000000e+01,8.000000000000000000e+01,6.892000000000000171e+01,4.981000000000000227e+01
5.930000000000000000e+02,5.930000000000000000e+02,5.000000000000000000e+01,8.000000000000000000e+01,6.892000000000000171e+01,4.986999999999999744e+01
5.940000000000000000e+02,5.940000000000000000e+02,5.000000000000000000e+01,8.000000000000000000e+01,6.892000000000000171e+01,5.018999999999999773e+01
5.950000000000000000e+02,5.950000000000000000e+02,5.000000000000000000e+01,8.000000000000000000e+01,6.892000000000000171e+01,5.042000000000000171e+01
5.960000000000000000e+02,5.960000000000000000e+02,5.000000000000000000e+01,8.000000000000000000e+01,6.892000000000000171e+01,5.035000000000000142e+01
5.970000000000000000e+02,5.970000000000000000e+02,5.000000000000000000e+01,8.000000000000000000e+01,6.892000000000000171e+01,5.042000000000000171e+01
5.980000000000000000e+02,5.980000000000000000e+02,5.000000000000000000e+01,8.000000000000000000e+01,6.881999999999999318e+01,5.064000000000000057e+01
5.990000000000000000e+02,5.990000000000000000e+02,5.000000000000000000e+01,8.000000000000000000e+01,6.892000000000000171e+01,5.042000000000000171e+01
6.000000000000000000e+02,6.000000000000000000e+02,5.000000000000000000e+01,8.000000000000000000e+01,6.875000000000000000e+01,5.050999999999999801e+01
